word,translation,audio
acahkosak,stars,acahkosak.mp3
achimēwak,They are telling a story about him.,achimēwak.mp3
achimoh,Tell a story!,achimoh.mp3
achimostamawâw,A story is told to him/her,achimostamawâw.mp3
achimostaw,Tell him a story.,achimostaw.mp3
achimostawāw,He is told a story,achimostawāw.mp3
achimostawēw,She is telling him or them a story.,achimostawēw.mp3
achimostawēwak,They are telling him or them a story.,achimostawēwak.mp3
achimostawihk,All of you tell him a story.,achimostawihk.mp3
achimostawik,All. of you tell me a story,achimostawik.mp3
achimostawin,Tell me a story.,achimostawin.mp3
achimostawinan,Tell us a story,achimostawinan.mp3
achimâw,A story is told about him.,achimâw.mp3
achiwinam,He shrinks (or decreases) it with his hands.,achiwinam.mp3
achiwpayin,It shrunk or it shrinks,achiwpayin.mp3
achiwīpayiw,He shrinks (shrunk).,achiwīpayiw.mp3
acim,Tell about him.,acim.mp3
acimosisak,Puppies,acimosisak.mp3
acosis,Arrow,acosis.mp3
acoskewinisa,small chores,
acoskēwinis,A small chore,acoskēwinis.mp3
ahāw,a reply means someone is in agreement,ahāw.mp3
ahcanis,A Ring,ahcanis.mp3
ahcānisak,Rings for the finger,ahcānisak.mp3
ahchi,In spite of .(change because of something done onpurpose),ahchi.mp3
ahchi,"a change in time, movement or place.",ahchi.mp3
ahchipiko,neverthe less (still...) (Even though,ahchipiko.mp3
ahēw,He placed him.,ahēw.mp3
ahēwak,They placed him/them there.,ahēwak.mp3
ahih,Place him.,ahih.mp3
ahihk,All of you put him there.,ahihk.mp3
ahik,All of you place me here.,ahik.mp3
ahin,Put or place me...(as in there),ahin.mp3
ahkamēyihtam,He keeps on thinking of what needs to be done.,ahkamēyihtam.mp3
ahkamēyimoh,Try harder.,ahkamēyimoh.mp3
ahkamēyimōk,"All of you try hard, persevere.",ahkamēyimōk.mp3
ahkwachāw,It is frozen.,ahkwachāw.mp3
ahkwakamin,"It is a strong, bitter liquid.",ahkwakamin.mp3
ahkwan,It is painful.,ahkwan.mp3
ahkwatihtā,Freeze it.,ahkwatihtā.mp3
ahkwatin,It is frozen.,ahkwatin.mp3
ahkwātisōwin,The state of being difficult,ahkwātisōwin.mp3
ahpō,or /either also used as ahpō ētikwē (ie maybe),ahpō.mp3
ahtastā,Place it elsewhere,ahtastā.mp3
ahtoskēwo’ kamik,The band office,ahtoskēwo’_kamik.mp3
akahkway,Blood sucker,akahkway.mp3
akahkwayak,"blood suckers, leeches; snails",akahkwayak.mp3
akawatamowin,A wish,akawatamowin.mp3
akayāsemoh,Speak English!,akayāsemoh.mp3
akayāsemōwin,The act of speaking English,akayāsemōwin.mp3
akāwācikēwin,The act of being enticed by something or someone,akāwācikēwin.mp3
akāwāstēskamok,All of you shade it by standing before it.,akāwāstēskamok.mp3
akihchike,Count!,akihchike.mp3
akihcikēwin,The act of Performing calculations; numerations.,akihcikēwin.mp3
akihta,Count those things,akihta.mp3
akihtamaw,Count for him!,akihtamaw.mp3
akihtāsowin,"A Number, A figure",akihtāsowin.mp3
akihtāsōna,"Numbers, figures",akihtāsōna.mp3
akim,Count them!,akim.mp3
akos,Hang him.,akos.mp3
akoskôwahchikē,Glue things together.,akoskôwahchikē.mp3
akotā,Hang it.,akotā.mp3
akotā,hang it up,akotā.mp3
akwaha,pin it (assumes to the wall),akwaha.mp3
akwahpisōwin,A act of putting on a bandage,akwahpisōwin.mp3
akwamohcikēwin,The act of applying something,akwamohcikēwin.mp3
akwana,Cover him!,akwana.mp3
akwanahikana,"covers (for something,could be for pots)",akwanahikana.mp3
akwānahā,Cover it.,akwānahā.mp3
akwâna,Take it out of the liquid,akwâna.mp3
amaciwēnēkānohtēwin,Leading the way up,amaciwēnēkānohtēwin.mp3
amisk,A Beaver,amisk.mp3
amiskosākahikan,Beaver Lake,amiskosākahikan.mp3
amiskwak,beaver (more than one),amiskwak.mp3
amiskwayān,beaver pelt,amiskwayān.mp3
amiskwayāna,Beaver Pelts,amiskwayāna.mp3
amiskwayiwa,Beaver tails,amiskwayiwa.mp3
anāskāna,Sheets,anāskāna.mp3
anikwacās,squirrel,anikwacās.mp3
aniskamanak,Buttons,aniskamanak.mp3
apacihcikan,something useful,apacihcikan.mp3
apacikcikana,tools,apacikcikana.mp3
apahkwācēsak,Bats,apahkwācēsak.mp3
apāchih,"Use it, as in an animate object.",apāchih.mp3
apēhtāwsēyaw,A waist or mid-section of human body,apēhtāwsēyaw.mp3
apēw’ kamik,a living room,apēw’_kamik.mp3
apih,sit!,apih.mp3
apihkāta,Braid it.,apihkāta.mp3
apihkē,Make a braid (or braids),apihkē.mp3
apihkēwin,weaving,apihkēwin.mp3
apihkēwina,braids,apihkēwina.mp3
apihtāpiw,He has a black (bruised) eye.,apihtāpiw.mp3
apik,All sit.,apik.mp3
apiscacihkos,Pronghorn,apiscacihkos.mp3
apisesiw,He is small.,apisesiw.mp3
apisēsiw,He is small.,apisēsiw.mp3
apitān,Let’s sit down.,apitān.mp3
aposōyahtikwa,Teepee Poles,aposōyahtikwa.mp3
apoy,A Paddle,apoy.mp3
apoyak,Shovels or (paddles for rowing),apoyak.mp3
apwēsiwin,"Being sweaty, Perspiration",apwēsiwin.mp3
asahpicēkēwin,"An act of bindings, the act of makingbundles.",asahpicēkēwin.mp3
asam,Feed him/them,asam.mp3
asamās,Feed him a little,asamās.mp3
asamāw,He is fed.,asamāw.mp3
asamēna,again,asamēna.mp3
asawāpam,Be on the look out for him.,asawāpam.mp3
asāhpis,Tie them together.,asāhpis.mp3
asci,"also, too",asci.mp3
asēn,refuse him or do not take him,asēn.mp3
asēna,refuse it,asēna.mp3
asēpita,pull it backwards,asēpita.mp3
asēsina,"the front upper part of a moccosin, s vamp or tongue",asēsina.mp3
asikan,A sock,asikan.mp3
asikanak,More than one sock,asikanak.mp3
asikanak,socks (plural form),asikanak.mp3
asinēyak,Rocks (plural of asinēy-rock),asinēyak.mp3
asiniysisak,"Pebbles, Rocks",asiniysisak.mp3
asiniywaciya,Mountains,asiniywaciya.mp3
askāhtik,A green tree,askāhtik.mp3
askāw,sometimes; rarely; occasionally,askāw.mp3
askāwewan,"Open water in spring break, during spring break.",askāwewan.mp3
askihk,"A pail, A bucket",askihk.mp3
askihkohkānis,A motor,askihkohkānis.mp3
askipahkwēsikan,Flour,askipahkwēsikan.mp3
askipwāw,A potato,askipwāw.mp3
askipwāwa,Potatoes,askipwāwa.mp3
askiwiyās,A piece of raw meat.,askiwiyās.mp3
askiy,Earth,askiy.mp3
askō,Follow him,askō.mp3
asonē,In particular. (also) especially him now or then.,asonē.mp3
asotamowin,"A promise, a vow.",
asotamōwin,"A promise, A vow.",asotamōwin.mp3
asowacikan,"A container, a pocket, a bin.",asowacikan.mp3
asowatā,Put it in a container (as in apocket or a box),asowatā.mp3
asōwa,put him in a container,asōwa.mp3
asōwatāw,He put it in (as in container of some sort),asōwatāw.mp3
asōwatēw,"It is contained (in a container eg box, pocket, dresser drawer",asōwatēw.mp3
aspapōwin,A riding saddle.,aspapōwin.mp3
aspihci,Instead of,aspihci.mp3
aspin,Since,aspin.mp3
aspinikan,A pot holder,aspinikan.mp3
aspitahkoskākan,A rug,aspitahkoskākan.mp3
asta,Place it or put it,asta.mp3
astawēha,put the fire out,astawēha.mp3
astawēna,Put the light out (like the lights or the candle),astawēna.mp3
astawēska,Put the fire out by stepping on it (or stamping on it),astawēska.mp3
astotina,hats,astotina.mp3
aswēhta,Beware of something,aswēhta.mp3
aswēyim,Beware of him,aswēyim.mp3
as’pēyimoh,Depend on him or rely on him,as’pēyimoh.mp3
atamiskaw,shake hands with him.,atamiskaw.mp3
atamiskākē,Greet people (by shaking hands).,atamiskākē.mp3
atamiskākēwak,They are shaking hands with others in greeting.,atamiskākēwak.mp3
atawēyihta,reject it,atawēyihta.mp3
atāmēw,He bought from him,atāmēw.mp3
atāmihk,all of you buy from him,atāmihk.mp3
atāmihkok,All of you buy from them.,atāmihkok.mp3
atāmin,Buy from me,atāmin.mp3
atāwākē,Sell it,atāwākē.mp3
atāwākēk,All of you sell it.,atāwākēk.mp3
atāwewikamikwa,A store,atāwewikamikwa.mp3
atāwē,buy it,atāwē.mp3
atāwēk,all of you buy it.,atāwēk.mp3
ate or atē,on the way,ate_or_atē.mp3
atimapi,Sit with your back to me,atimapi.mp3
atimapik,All of you sit with your back to me.,atimapik.mp3
atoska,Have him work for you,atoska.mp3
atoskaw,Work for him,atoskaw.mp3
atoskāta,work on it,atoskāta.mp3
atoskehkēk,all of you (or more than one) work later.,atoskehkēk.mp3
atoskē,You work later,atoskē.mp3
atoskēwin,Work or working.,atoskēwin.mp3
awa,This one,awa.mp3
awas,Exclamation Go away!,awas.mp3
awasita,over further (also a command meaning 'Move over!',awasita.mp3
awasitē,"further away, beyond",awasitē.mp3
awatā,Haul it or haul those...,awatā.mp3
awēna,who?,awēna.mp3
awēnāna or awēna ēkwāna,Who is that one?,awēnāna_or_awēna_ēkwāna.mp3
awēnāwa,Who is this one?,awēnāwa.mp3
awēta,Here he is,awēta.mp3
awēte,Here he is over here.,awēte.mp3
awēyak,someone,awēyak.mp3
awih,Loan it to him.,awih.mp3
ayah,A redirectional response which requires a hesitation and infers person,ayah.mp3
ayahci,prefix - different or differently,ayahci.mp3
ayahk,A redirectional gesture- 'this is what I was going to say',ayahk.mp3
ayamihā,verb command speaking to one person,ayamihā.mp3
ayamihāwin,The act of praying or worshipping.,ayamihāwin.mp3
ayamihēw kēsikāw,Sunday,ayamihēw_kēsikāw.mp3
ayamihtā,Read it,ayamihtā.mp3
ayā,Have it,ayā.mp3
ayewinisā,Clothing,ayewinisā.mp3
ayēkipēsim,April - Frog Moon,ayēkipēsim.mp3
ayēwinisā,Clothing,ayēwinisā.mp3
ayikisis,A baby frog,ayikisis.mp3
ayinānēw,The number five (5),ayinānēw.mp3
ayinānēwosāp,The number eighteen,ayinānēwosāp.mp3
ayisk,Because of,ayisk.mp3
ayiwāk,more,ayiwāk.mp3
ayiwēpi,Have a rest,ayiwēpi.mp3
ayōskan,A raspberry,ayōskan.mp3
ācahkōs,A Star,ācahkōs.mp3
āchimok,"All of you tell a story,",āchimok.mp3
āchimow,He told a story.,āchimow.mp3
ācosisāk,Arrows,ācosisāk.mp3
āhāsiw,A Raven,āhāsiw.mp3
āhāsiwak,Ravens,āhāsiwak.mp3
āhkosēw’ kāmik,A hospital building,āhkosēw’_kāmik.mp3
āh?,What?,āh?.mp3
ākosimowin,Nestling,ākosimowin.mp3
ākwāskaw,You head him off.,ākwāskaw.mp3
ākwāskaw,Head him off,ākwāskaw.mp3
ākwâha,Take it out of the liquid,ākwâha.mp3
āmachōwē,You climb!,āmachōwē.mp3
āmiskōs,Baby Beaver,āmiskōs.mp3
ānwehtaw,Disbelieve him.,ānwehtaw.mp3
ānwihtawēw,He disbelieves him,ānwihtawēw.mp3
āpahah,Unscrew it.,āpahah.mp3
āpēhoh,"Do something in return eg. an act of kindness, revenge, a joke",āpēhoh.mp3
āpēwina,Seats or places to sit,āpēwina.mp3
āpihkona,Untie it.,āpihkona.mp3
āpihtā,prefix- to mean half of anything,āpihtā.mp3
āpisimōsak,Deer,āpisimōsak.mp3
āsastā,pile those things up,āsastā.mp3
āsay,already,āsay.mp3
āskiya,"muskeg moss, used in diapers.",āskiya.mp3
āsotamōwin,The act of making a vow,āsotamōwin.mp3
āstam,Come here,āstam.mp3
āstisak,Gloves,āstisak.mp3
āstotin,A hat,āstotin.mp3
āta,even though,āta.mp3
ātawiya,anyway. however; although; as well.,ātawiya.mp3
ātayohkaw,Tell legends to him or them.,ātayohkaw.mp3
ātiht,"some, a few",ātiht.mp3
ātimapi,Sit with your back to me,ātimapi.mp3
ātimwak,Dogs.,ātimwak.mp3
ātos,have him do something for you,ātos.mp3
āwasōwin,The act of warmnig up,āwasōwin.mp3
āyētaw,on both sides; at both ends,āyētaw.mp3
cahcahkaha,keep poking at it.,cahcahkaha.mp3
cahcahkinosēw,"A greyling, a speckled trout.",cahcahkinosēw.mp3
cahcāmōwin,The act of sneezing,cahcāmōwin.mp3
cahka,poke him,cahka.mp3
cahkāha,Poke it,cahkāha.mp3
cahkās,Ice Cream,cahkās.mp3
cahkin,poke him with a finger,cahkin.mp3
cāh,Reduplicative prefix-means to keep doing something over and over again,cāh.mp3
ce,a question marker,ce.mp3
cēka,chop it (something animate like a tree),cēka.mp3
cēkaha,chop it (something inanimate like a bone),cēkaha.mp3
cēkahikan,An Axe,cēkahikan.mp3
cēki,"near, nearby,",cēki.mp3
cēpatahikē,"Cook it over the fire, using a long stick. usually bannock or meat",cēpatahikē.mp3
cēsi,fool him,cēsi.mp3
cēsihiwēwin,A thing that deceives people (eg a lie).,cēsihiwēwin.mp3
cēsimiwēw or ocēsimiwēw,A teller of fibs.,cēsimiwēw_or_ocēsimiwēw.mp3
cēskwa,Wait!,cēskwa.mp3
cēsta,poke him (with an object) like a needle,cēsta.mp3
cēstahikan,A fork.,cēstahikan.mp3
cēstin,scratch him (usually with nails) to do harm,cēstin.mp3
chēpataha,"Drive it into the ground, usually means a pole or a stick",chēpataha.mp3
cihcēkin,Scratch him (as in to relieve an itch),cihcēkin.mp3
cihcēkinin,scratch me (as in to relieve an itchy area),cihcēkinin.mp3
cihcēkwahcikē,eat or knaw the meat off of the bone,cihcēkwahcikē.mp3
cikāstēpayihcēkan,A television,cikāstēpayihcēkan.mp3
cipahikanis,One minute,cipahikanis.mp3
ekay wiya,Don’t you dare.,ekay_wiya.mp3
ekay/ekaya,don’t or do not///e is kind of silent at this,ekay/ekaya.mp3
ekoni or ekonihi,Those are the ones. (inanimate),ekoni_or_ekonihi.mp3
ekosāni,and so,ekosāni.mp3
ekosēsi,exclamation! Never mind!,ekosēsi.mp3
ekosēsi,The the way to do it. Like that. Just so.,ekosēsi.mp3
ekospēhk,then,ekospēhk.mp3
ekote,over there,ekote.mp3
ekōsani,and so,ekōsani.mp3
ekōsi,That's it. That's the end.,ekōsi.mp3
etahkōmēw,the way he is related to the 3rd person,etahkōmēw.mp3
ewako ohci,That’s the reason why.,ewako_ohci.mp3
ewako or ēko,that one,ewako_or_ēko.mp3
eyik,An Ant,eyik.mp3
ēci,at a later time; afterwards; later,ēci.mp3
ēkatē,prefix for verbs - aside,ēkatē.mp3
ēkihceyihta,Respect it. Give it proper respect,ēkihceyihta.mp3
ēki/eki,prefixes to verbs- denote the past,ēki/eki.mp3
ēkonik,Those (people or animals or animate things) are the ones.,ēkonik.mp3
ēkotōwa,that kind,ēkotōwa.mp3
ēkwa,and also,ēkwa.mp3
ēkwah,You come along too.,ēkwah.mp3
ēkwayāc,"only now , or for the first time",ēkwayāc.mp3
ēkwāna,That’s him,ēkwāna.mp3
ēkwānima,That is the one (inanimate as in thing),ēkwānima.mp3
ēmihkwānis,A small teaspoon.,ēmihkwānis.mp3
ēmihkwānisak,Spoons,ēmihkwānisak.mp3
ēsa,ago- particle denotes the past tense,ēsa.mp3
ēsi,this is a particle Towards,ēsi.mp3
ēsi,how to - prefix,ēsi.mp3
ēsko,until; so far; as far as,ēsko.mp3
ētamahcihow,How he feels,ētamahcihow.mp3
ētikwē,I suppose.,ētikwē.mp3
ēwako āwa,This is the one. This is him.,ēwako_āwa.mp3
ēwē or ēwēh,To indicate a future tense to any verb,ēwē_or_ēwēh.mp3
ēyiwēhk,"Anyhow, anyway, it’s better than nothing",ēyiwēhk.mp3
hay! hay!,"exclamation - in indicate thankfulness,",hay!_hay!.mp3
hey! hey!,exclamation of deep concern,hey!_hey!.mp3
ihkwā,A Louse,ihkwā.mp3
ihtakon,it exists,ihtakon.mp3
ihtakow,he exists,ihtakow.mp3
ikamā,exclamation to mean 'it is not so' or 'that is not the case',ikamā.mp3
isēhōw,He is dressed so,isēhōw.mp3
isihcikātōwin,The act of business affairs.,isihcikātōwin.mp3
isihkāsow,That is his name,isihkāsow.mp3
isihtāw,That’s the way he makes it,isihtāw.mp3
iskipēw,High Water,iskipēw.mp3
iskona,save some of it,iskona.mp3
iskona,Leave some of it,iskona.mp3
iskonikan,"Something that is held for another day, A Reservation",iskonikan.mp3
iskotēw’ kamik,A firehall building,iskotēw’_kamik.mp3
iskwayāch,The last- final - the end of it all,iskwayāch.mp3
iskwēw,Woman,iskwēw.mp3
iskwēwak,Women kind,iskwēwak.mp3
iskwēwowin,Being womanly or womanhood,iskwēwowin.mp3
ispahtāw,He runs there quickly.,ispahtāw.mp3
ispayin,It happened; Be,ispayin.mp3
ispāyiw,It got to be that way.,ispāyiw.mp3
ispiciw,"He moves there, belongings and all",ispiciw.mp3
ispimihk,high above; way up high,ispimihk.mp3
itāpow,He takes a look.,itāpow.mp3
itātisiw,his conduct or behavior is so,itātisiw.mp3
itāw,It is said of him,itāw.mp3
itēyihta,Think it to be so.,itēyihta.mp3
itisa,Send him,itisa.mp3
itohta or etohta,take him there,itohta_or_etohta.mp3
itohtatā,Take it over there,itohtatā.mp3
itohtē,go there,itohtē.mp3
itōhōw,He lands on the ground or decends (as a bird).,itōhōw.mp3
itōta or ētōta,Do it,itōta_or_ētōta.mp3
itwa,Point to him,itwa.mp3
itwē,verb command,itwē.mp3
itwēw,He says,itwēw.mp3
iyāyaw,he would rather,iyāyaw.mp3
iyāyikohk,Heaven only knows how much...,iyāyikohk.mp3
iyāyitē,"where, no one knows",iyāyitē.mp3
iyikohk,When the time comes,iyikohk.mp3
iyikopiwipēsim,November - Frost Moon,iyikopiwipēsim.mp3
iyinesowin,Being smart or with wisdom,iyinesowin.mp3
iyiwehk,Might as well. Signifies a person overdoing something despite his wishes.,iyiwehk.mp3
ka wayēsimiht,To or when a person is persuaded by flattery,ka_wayēsimiht.mp3
kahcitina,Get a hold of it; seize it; catch it,kahcitina.mp3
kahkan,"Something in good condition, not broken. inanimate object",kahkan.mp3
kahkākow,A crow,kahkākow.mp3
kahke or kakē,Can you? or Do you think you can? or Will you?,kahke_or_kakē.mp3
kahkē or ka kē,Can you or would you or could you...,kahkē_or_ka_kē.mp3
kahkēwak-ohkē,Make drymeat,kahkēwak-ohkē.mp3
kahkēwak-ohkē-k,All of you make drymeat!,kahkēwak-ohkē-k.mp3
kahkihtwām,"over and over again, repeatedly",kahkihtwām.mp3
kahkominakāk,Pepper,kahkominakāk.mp3
kahkwēyihtam,He is jealous.,kahkwēyihtam.mp3
kah!,"exclamation: Oh!; I see; that’s it, it’s it.",kah!.mp3
kah-kēyāskōw,He is repeatedly telling lies or fibs.,kah-kēyāskōw.mp3
kah-kimōwan,It continually rains. periodic showers. It keeps on raining.,kah-kimōwan.mp3
kah-kitow,he calls repeatedly- as in an animal,kah-kitow.mp3
kakatāch,preferably (seems in negative way),kakatāch.mp3
kakāyawisiw,he is- industrious/ works hard.,kakāyawisiw.mp3
kakē -ayāwāw,You can have him.,kakē_-ayāwāw.mp3
kakēpātis,"A stupid person, A moron.",kakēpātis.mp3
kakēskim,kakwēskimturn/himaround counsel,kakēskim.mp3
kakwecihkemowina,The act of asking or inquiring,kakwecihkemowina.mp3
kakwē,try to - preverb,kakwē.mp3
kakwēcihkēmōwin,The act of asking or inquiring.,kakwēcihkēmōwin.mp3
kakwēyāhiwin,The act of hurrying.,kakwēyāhiwin.mp3
kakwēyāhōwin,The act of hurrying,kakwēyāhōwin.mp3
kamik,suffix - for any kind of building eg. atawēw-kamik (store),kamik.mp3
kanakē,At least,kanakē.mp3
kanakēs,for a brief moment,kanakēs.mp3
kanawapokewin,The act of keeping and guarding a house.,
kanawāpahta,Look at it,kanawāpahta.mp3
kanawāpam,Look at him.,kanawāpam.mp3
kanawēyihta,keep it (as in for safe keeping),kanawēyihta.mp3
kanawēyim,keep him,kanawēyim.mp3
kanācih,Clean him (up) or clean it up (animate object).,kanācih.mp3
kanātastēw,It is clean (meaning the place),kanātastēw.mp3
kanātatisōwin,A quality held to be of great moral value,kanātatisōwin.mp3
kanātisiwin,The act of being clean (cleanliness),kanātisiwin.mp3
kanātisi-w,"He is clean, pure",kanātisi-w.mp3
kanwapokēwin,The act of keeping anf guarding a house.,kanwapokēwin.mp3
kapēsiw,He sleeps overnight or he camps overnight,kapēsiw.mp3
kapēsiwin,"A camp, a resting spot, a campground.",kapēsiwin.mp3
kapēyayihk,During. All during the course of.,kapēyayihk.mp3
kasēcihceēwin,The act of wiping or washing your hands,kasēcihceēwin.mp3
kaskam,short cut - also is a prefix to verbs ef walk,kaskam.mp3
kaskatinōwipēsim,October - Freezing Moon,kaskatinōwipēsim.mp3
kaskāpahtew,It is smokey.,kaskāpahtew.mp3
kaskāpasam,he smokes it,kaskāpasam.mp3
kaskēyihtam,He feels alone and cut off (from loved ones),kaskēyihtam.mp3
kaskēyimēw,He/she is lonesome for her/him.,kaskēyimēw.mp3
kaskihēw,He convinces and makes him do something.,kaskihēw.mp3
kaskihow,He succeeds (after much difficulty),kaskihow.mp3
kaskihtāw,He is able to do it or he succeeds,kaskihtāw.mp3
kaskihtāwin,Having the ability.,kaskihtāwin.mp3
kaskikātēsin,He broke his leg (through a fall),kaskikātēsin.mp3
kaskikwācikē,Sew by hand - paying attention to detail,kaskikwācikē.mp3
kaskikwāsoh,Sew by sewing machine.,kaskikwāsoh.mp3
kaskikwāsowin,The act of sewing.,kaskikwāsowin.mp3
kaskim,convince him or persuade him,kaskim.mp3
kaskimihk,All of you persuade him to agree.,kaskimihk.mp3
kaskina,Break it off ( like a twig),kaskina.mp3
kaskitēwacāpō,He has dark eyes. (or He HAS A BLACK EYE OR EYES).,kaskitēwacāpō.mp3
kawa,chop it or fall it down (animate object),kawa.mp3
kawisimo,stem kawi is fall,kawisimo.mp3
kawiwēpin,kawi=prefix fall down/ wēpin = throw,kawiwēpin.mp3
kayahtē,Before -the same as it was.,kayahtē.mp3
kayāsēs,A long while back.,kayāsēs.mp3
kayesowina,The act of doing something deceitful.,kayesowina.mp3
kayēsowin,"The act of doing something crooked, deceitful.",kayēsowin.mp3
kayēyisiw/ kakayēyisiw,He is dishonest. He is wise in a dishonest way.,kayēyisiw/_kakayēyisiw.mp3
kācikewin,A hideaway. Something hidden.,kācikewin.mp3
kācikēwin,A hideaway; Something that is hidden,kācikēwin.mp3
kāhkiyaw,All of it. The full amount.,kāhkiyaw.mp3
kākēcihiwēwin,The act of consoling.,kākēcihiwēwin.mp3
kākēcihiwēwina,The act of placating.,kākēcihiwēwina.mp3
kākēhcisāyāwin,Being in the state of vulnerability,kākēhcisāyāwin.mp3
kākēsimōw,He is praying to the Creator,kākēsimōw.mp3
kākwak,Porcupines.,kākwak.mp3
kāmwātapiwin,The act of sitting quietly and not moving.,kāmwātapiwin.mp3
kāmwāteyihtākosiwin,Being thought of as quiet.,kāmwāteyihtākosiwin.mp3
kāmwātisiw,he is quiet,kāmwātisiw.mp3
kāmwātisiwin,Quiet in an individual; gentleness.,kāmwātisiwin.mp3
kām¯wātan,It is quiet.,kām¯wātan.mp3
kās,hide him,kās.mp3
kāsēcihcē,Wash your hands.,kāsēcihcē.mp3
kāsēcihcēw,He washes his hands.,kāsēcihcēw.mp3
kāsēha,Wipe it,kāsēha.mp3
kāsēhkwankān,A face cloth for washing,kāsēhkwankān.mp3
kāsēyākanē,Wipe the dishes,kāsēyākanē.mp3
kāsihkwē,Wash your face,kāsihkwē.mp3
kāskaha,scrape it,kāskaha.mp3
kāskina,break it off ( as in a twig),kāskina.mp3
kāskipāsōw,He shaves. or he is shaving,kāskipāsōw.mp3
kāsō,hide!,kāsō.mp3
kāsōw,He hides.,kāsōw.mp3
kātā,Hide it.,kātā.mp3
kātāk,All of you hide it!,kātāk.mp3
kāwih,again,kāwih.mp3
kāya,Don’t,kāya.mp3
kāyawātisiw,He is quick and efficient- good hard worker,kāyawātisiw.mp3
kāyawiya,Do not or don’t,kāyawiya.mp3
kāyān,you can have it,kāyān.mp3
kāyāwāw or kikāyāwāw,you have him,kāyāwāw_or_kikāyāwāw.mp3
kehcinahōw,He is certain; he is sure,kehcinahōw.mp3
kehcinā,For sure; Certainly; Surely- sometimes used as a reply,kehcinā.mp3
kehcināho,Make certain; Be sure,kehcināho.mp3
kehitwēw,"He did say, he said",kehitwēw.mp3
kehkwāhākēsis,A small wolverine or a young one,kehkwāhākēsis.mp3
kekway,What,kekway.mp3
kepihtinkewin,The state of withholding animate or inanimate objects,kepihtinkewin.mp3
kēci,one of your kind -nēhēyaw Cree or fellow Cree,kēci.mp3
kēcikon,Take it off (animate object- a thing with life properties),kēcikon.mp3
kēcikona,Take it off (inanimate object - thing),kēcikona.mp3
kēhokēwin,Visiting or the act of visiting,kēhokēwin.mp3
kēhsāspinē,might as well,kēhsāspinē.mp3
kēhsēyihtam,He makes up his mind.,kēhsēyihtam.mp3
kēkā -mitātaht,The number nine,kēkā_-mitātaht.mp3
kēkāc,"almost, nearly",kēkāc.mp3
kēko,which one of what type,kēko.mp3
kēkway,something,kēkway.mp3
kēmōcinākosiw,"She, He appears or looks sneaky.",kēmōcinākosiw.mp3
kēpa,soon,kēpa.mp3
kēsastā,Finish setting things in place,kēsastā.mp3
kēsāc,now instead of later,kēsāc.mp3
kēsi,"prefix denotes finishing, completing or through with",kēsi.mp3
kēsiska,make it on time; Beat the deadline,kēsiska.mp3
kēskahamā,Cut your hair.,kēskahamā.mp3
kēskasākay,A skirt,kēskasākay.mp3
kēskasākaya,Skirts,kēskasākaya.mp3
kēskicāsis,A pair of shorts,kēskicāsis.mp3
kēskisa,Cut it off.,kēskisa.mp3
kēso,prefix - to mean warmth,kēso.mp3
kēsōsōwin,The state of being warm,kēsōsōwin.mp3
kēspin,"if, in case,",kēspin.mp3
kēspinata,Earn it,kēspinata.mp3
kēstawāw,All of you too.,kēstawāw.mp3
kētahtawē,sometime if,kētahtawē.mp3
kētasikanē,Take off your socks,kētasikanē.mp3
kētaskisinē,Take off your shoes,kētaskisinē.mp3
kētastotinē,Take off your hat.,kētastotinē.mp3
kēwācawasis,An orphan child,kēwācawasis.mp3
kēwē,prefix- He was intening to or he was going to,kēwē.mp3
kēyanaw,Us or we,kēyanaw.mp3
kēyiwēhk,That will help or that’s better than nothing.,kēyiwēhk.mp3
kēyokē,visit,kēyokē.mp3
ki,prefix for second person you or yours,ki.mp3
kihcē pēkiskwēwin,The act of speaking the truth,kihcē_pēkiskwēwin.mp3
kihcēyihta/kakihcēyihta,To receive or give an eagle feather is to show honor,kihcēyihta/kakihcēyihta.mp3
kihci,prefix denotes: greatness or importance,kihci.mp3
kihēwak,Eagles,kihēwak.mp3
kihkahtoskōwak,They are always quarreling. They are argumentative.,kihkahtoskōwak.mp3
kihkahtōwak,They are quarreling,kihkahtōwak.mp3
kihkām,Scold him.,kihkām.mp3
kihkāmāw,He is scolded.,kihkāmāw.mp3
kihkāmēw,He scolded him.,kihkāmēw.mp3
kihkāmin,scold me,kihkāmin.mp3
kihpē,prefix to a verb -past tense- means s/he came and....,kihpē.mp3
kihtimikan,A lazy person,kihtimikan.mp3
kikawacin,you are cold,kikawacin.mp3
kimōtiw,he steals or he stole.,kimōtiw.mp3
kinosesis,Baby Fish,kinosesis.mp3
kinosēw,fish (one fish),kinosēw.mp3
kinosēwak,fish - more than one fish (plural),kinosēwak.mp3
kinwēs,for a long time,kinwēs.mp3
kipaha,shut it (inanimate object),kipaha.mp3
kipaha-kitōn,Shut your mouth!,kipaha-kitōn.mp3
kipatahtam,he faints or he fainted,kipatahtam.mp3
kipē,you have come to...(prefix to verb) swim,kipē.mp3
kipiskam,she blocks the way,kipiskam.mp3
kipiskaw,Block him,kipiskaw.mp3
kipōyon,You have quit,kipōyon.mp3
kisāstaw,Sort of; kind of; It seems like...,kisāstaw.mp3
kisēpēkinīkēwin,The act of doing laundry or washing clothes,kisēpēkinīkēwin.mp3
kisēpiyākanē,Wash the dishes,kisēpiyākanē.mp3
kisikwatiw,He/she is heavy,kisikwatiw.mp3
kisin,It is cold.,kisin.mp3
kisinpēsim,Cold month,kisinpēsim.mp3
kisiwāsōw,He is angry,kisiwāsōw.mp3
kisiwāsōwin,Being in a state of anger.,kisiwāsōwin.mp3
kiskēciwān,flowing rapidly,kiskēciwān.mp3
kiskēsik,Your eye.,kiskēsik.mp3
kiskinohamakosiw,School,kiskinohamakosiw.mp3
kitahamaw,Tell him not to,kitahamaw.mp3
kitahamākē,Counsel. Forbid by word of mouth,kitahamākē.mp3
kitayān,you have it. (put nā or cē after it and it becomes a question),kitayān.mp3
kitā,Eat all of it.,kitā.mp3
kitātsōwin,your behavior,kitātsōwin.mp3
kitimākēyim,Be kind to him,kitimākēyim.mp3
kitimākēyimiso,Be kind to yourself.,kitimākēyimiso.mp3
kitimākinaw,Have pity on him or sympathy for him.,kitimākinaw.mp3
kitimākinākē,Sympathize with others.,kitimākinākē.mp3
kitohcikan,A radio,kitohcikan.mp3
kiyapiko,Only you,kiyapiko.mp3
kiyām,"Let it be, it's all right.",kiyām.mp3
kiyāmāta,"Although, even though",kiyāmāta.mp3
ki-pe,prefix - you come to....(eg hunt),ki-pe.mp3
kohkōsak,Pigs,kohkōsak.mp3
kohtaskway,Windpipe,kohtaskway.mp3
kotak,another; some other or one that’s different from the present one.,kotak.mp3
kotaka,others ¯ things that are different from the present one,kotaka.mp3
kōhkomināw,A watermelon,kōhkomināw.mp3
kōna,Snow,kōna.mp3
kōtakak,"others (animate) eg people, dogs etc",kōtakak.mp3
kwāskohti,jump,kwāskohti.mp3
kweyask,"it is right or correct, or level or straight",kweyask.mp3
kwētāmāwin,Hardship and not having anywhere to turn,kwētāmāwin.mp3
kwēyāho,Hurry up!,kwēyāho.mp3
kīmōwanāpoy,Rainwater,kīmōwanāpoy.mp3
ma or mah,reduplicative prefix means continously or keeps or always doing,ma_or_mah.mp3
macātisēwin,an act of doing something not good /violence,macātisēwin.mp3
macātisiwin,The act of being villainous or vindictive,macātisiwin.mp3
maci,"bad, wicked, evil",maci.mp3
macostēha,throw it in the fire,macostēha.mp3
mahēhkān,Wolf,mahēhkān.mp3
mahikansak,Baby wolves,mahikansak.mp3
mahtāmin,A corn,mahtāmin.mp3
mahti,"Let me pass, please.",mahti.mp3
mamihcim,Praise him,mamihcim.mp3
manācih,Treat him with respect.,manācih.mp3
manācihitok,Treat each other with respect.,manācihitok.mp3
manicôs,Bug or worm,manicôs.mp3
manisa,cut it,manisa.mp3
manitō kēsikāw,A Catholic concept,manitō_kēsikāw.mp3
mansosowin,The act of cutting oneself.,mansosowin.mp3
masinaha,write it,masinaha.mp3
masinahikē,write,masinahikē.mp3
masinahikēwin,The act of writing,masinahikēwin.mp3
masinipayowin,A picture,masinipayowin.mp3
maskehkēwāpoy,Medicine fluid,maskehkēwāpoy.mp3
maskihkēw’ kamik,A medical clinic,maskihkēw’_kamik.mp3
maskisin,shoe,maskisin.mp3
maskisina,shoes,maskisina.mp3
maskosis,A bear cub.,maskosis.mp3
matōwehtākosōwin,sounding like a cry,matōwehtākosōwin.mp3
matwānche,a reply: I wonder. or I don’t know.,matwānche.mp3
mayahtihkowayan,Sheep skin,mayahtihkowayan.mp3
mayaw,as soon as,mayaw.mp3
mācē,hunt!,mācē.mp3
mācēk,All of you go hunting,mācēk.mp3
māci,start - a start of something,māci.mp3
māci,means to start,māci.mp3
mācihtā,Start it.,mācihtā.mp3
mācika,so; for that reason; therefore,mācika.mp3
māh,Hark; listen.,māh.mp3
māka,but; but still,māka.mp3
mākwā,Loon,mākwā.mp3
māmaskātamowin,The act of wonder and amazement,māmaskātamowin.mp3
māmawi,altogether in a group,māmawi.mp3
māmākwahcikē,Chew on your food.,māmākwahcikē.mp3
māmāsēs,in a careless manner; carelessly; not thorough,māmāsēs.mp3
māmihci,Make him proud,māmihci.mp3
māmitonēyihta,Think it over.,māmitonēyihta.mp3
māna,usually; used to; generally,māna.mp3
māskisina,Shoes,māskisina.mp3
māskōch,It's likely. perhaps,māskōch.mp3
māskwak,bears,māskwak.mp3
mātoh,Cry!,mātoh.mp3
māyacihkos,A small sheep,māyacihkos.mp3
māyatihkwak,Goats,māyatihkwak.mp3
māyatōtamōwin,A villainous conduct,māyatōtamōwin.mp3
māyi,prefix,māyi.mp3
māyipayiwin,In a state of woe,māyipayiwin.mp3
mekisihkahcikē,Bead,mekisihkahcikē.mp3
mescacākansak,Coyotes,mescacākansak.mp3
metonē ka kāyāwsēwin,"very lively and animated, (as in worker type of person)",metonē_ka_kāyāwsēwin.mp3
mēci,eat it,mēci.mp3
mēcimāpoy,Soup or broth,mēcimāpoy.mp3
mēcimāpoy,soup,mēcimāpoy.mp3
mēkwā,prefix meaning now; during; while is is happening,mēkwā.mp3
mēkwāc,presently; meanwhile; right now,mēkwāc.mp3
mēna,and; again,mēna.mp3
mēnisihkān,Grape,mēnisihkān.mp3
mētawē,Play,mētawē.mp3
mētāwew’ kamik,Third person plays building,mētāwew’_kamik.mp3
mēyo ayāwin,Being in good health or being well,mēyo_ayāwin.mp3
mēyokēkway,A good thing,mēyokēkway.mp3
mēyonākosiw,He looks good,mēyonākosiw.mp3
mēyosēhōwin,Being well dressed or well groomed,mēyosēhōwin.mp3
mēyoskamin,Spring,mēyoskamin.mp3
mihcētwāw,many times; often; frequently,mihcētwāw.mp3
mihkoskātāsk,A red beet,mihkoskātāsk.mp3
mihkwāpoy,Red watery liquid,mihkwāpoy.mp3
mihtih,A piece of firewood.,mihtih.mp3
mikisowipēsim,February - Eagle Moon,mikisowipēsim.mp3
mināhin,give me a drink,mināhin.mp3
minēkwācikana,More than one cup - plural,minēkwācikana.mp3
minihkwācikan,A cup,minihkwācikan.mp3
minihkwē,Drink,minihkwē.mp3
minōsak,Cats,minōsak.mp3
minōsis,A kitten,minōsis.mp3
misawāc,at any rate; Any way,misawāc.mp3
misi,"prefix meaning -- big or large,",misi.mp3
misipisiwak,Cougars,misipisiwak.mp3
misiweyahtik,A log or plank,misiweyahtik.mp3
misiwē,All over the place,misiwē.mp3
misiwētē,locative noun meaning everywhere,misiwētē.mp3
miskotākaya,Jackets,miskotākaya.mp3
miskwamiy,Ice,miskwamiy.mp3
miskwāmē,Ice,miskwāmē.mp3
mistahi,A lot; a great amount; much,mistahi.mp3
mistamēk,Whale,mistamēk.mp3
mistatim,A horse,mistatim.mp3
mistatimwak,Horses,mistatimwak.mp3
mistayāpēw,Big Bull Moose,mistayāpēw.mp3
mistik,A piece of wood,mistik.mp3
mitās,pants,mitās.mp3
mitāsak,Pants,mitāsak.mp3
mitātaht,number ten,mitātaht.mp3
mitoni,very; completely; thoroughly; a lot.,mitoni.mp3
mitâsak,pants,mitâsak.mp3
moscosisak,Calves,moscosisak.mp3
mosis,out in the open,mosis.mp3
mostosak,Cows,mostosak.mp3
moya,short form of the word namoya which meana no,moya.mp3
moya or namoya,no,moya_or_namoya.mp3
mōniyāskwēw,A white woman,mōniyāskwēw.mp3
mōswa,A Moose,mōswa.mp3
mōw,Eat it (animate),mōw.mp3
mwēstas,"Later, sometime later",mwēstas.mp3
na,reduplicative prefix- means continuously,na.mp3
naci,prefix means getting,naci.mp3
nah,verb command to mean Here! as in take it,nah.mp3
nahew,he’s very good at it (a talent or skill),nahew.mp3
nahēyikohk,"evenly, or just right",nahēyikohk.mp3
nakē,stop,nakē.mp3
namakekway,nothing,namakekway.mp3
namēkos,Trout,namēkos.mp3
namēkōs,Trout; a type of fish,namēkōs.mp3
namoya,no; not so,namoya.mp3
namwac,Not at all,namwac.mp3
nanāskomōw,He gives praise and thanks,nanāskomōw.mp3
napēch,Short form of nānapēch.,napēch.mp3
naskwahamākē,Sing in accompaniment.,naskwahamākē.mp3
naspāci,contrarily-acting or doing something that’s not a normal expectation,naspāci.mp3
nawach,preferably,nawach.mp3
nawach piko (poko),"prefer, only",nawach_piko_(poko).mp3
nayāhta,Carry it on your back,nayāhta.mp3
nayestāw,only,nayestāw.mp3
nayestāw,it keeps happening; all the time,nayestāw.mp3
nāh,exclamation - used to stress getting a negative response,nāh.mp3
nānapawishk,"why now, when it should have been done before",nānapawishk.mp3
nānapēc,and finally done but imlies it is too late,nānapēc.mp3
nānapoh,The both of them,nānapoh.mp3
nānitaw,somewhere about,nānitaw.mp3
nāta,Go get it,nāta.mp3
nātamaw,Get it for him,nātamaw.mp3
nāway,the past; behind,nāway.mp3
nā?,question marker expression like huh?,nā?.mp3
nehiyawē,Speak Cree,nehiyawē.mp3
nehtāciwēcowan,go down the hill (nehtaciwē)- streaming water (ecowan),nehtāciwēcowan.mp3
nepisēyāhtik,A willow branch or stick,nepisēyāhtik.mp3
newo kīsikaw,Thursday.,newo_kīsikaw.mp3
nēci,prefix means me with somebody else. also my,nēci.mp3
nēhi,those things (inanimate),nēhi.mp3
nēmanēta,There it is,nēmanēta.mp3
nēmāh,Take a lunch along,nēmāh.mp3
nēmihto,dance,nēmihto.mp3
nēpawi,Stand up,nēpawi.mp3
nēpin,It is summer,nēpin.mp3
nēso,The numeral - number two,nēso.mp3
nēsohkamaw,Be of assistance to him or help him,nēsohkamaw.mp3
nēsosāp,the number twelve,nēsosāp.mp3
nēstānaw,The number twenty,nēstānaw.mp3
nēstōhāhcēhōwin,Weariness,
nēstōsēwin,State of being tired,nēstōsēwin.mp3
nēstwāyāwin,The state of being dispirited or tired,nēstwāyāwin.mp3
nēta,right there,nēta.mp3
nētē,Over there,nētē.mp3
nēwo,The number four,nēwo.mp3
nēwosāp,Number fourteen,nēwosāp.mp3
nēyanan,The number five.,nēyanan.mp3
nēyananosāp,Number fifteen,nēyananosāp.mp3
nēyānān,We or us,nēyānān.mp3
ni,prefix,ni.mp3
nihtā,"preverb- knows how to, is good at, or expertness",nihtā.mp3
nika,prefix means I will,nika.mp3
nikamōh,Sing,nikamōh.mp3
nikotwāsi kīsikāw,Saturday,nikotwāsi_kīsikāw.mp3
nikotwāsik,The number six,nikotwāsik.mp3
nikotwāsi’sāp,The number sixteen,nikotwāsi’sāp.mp3
nikâwe,my mother,nikâwe.mp3
nimis,my older sister,
nimosôm,my grandfather,nimosôm.mp3
nipā,Sleep,nipā.mp3
nipāw’ kamik,A place for sleep structure,nipāw’_kamik.mp3
nipē,Water,nipē.mp3
nipēwāpoy,Watery liquid,nipēwāpoy.mp3
nipēwin,A bed,nipēwin.mp3
nisitohta,Understand it,nisitohta.mp3
niskak,Geese,niskak.mp3
niskā,goose,niskā.mp3
niskipēsim,March - Goose Moon,niskipēsim.mp3
nistam,At first. The first,nistam.mp3
nisto,The numeral - number three,nisto.mp3
nistosāp,The number thirteen,nistosāp.mp3
nitaw,"Go and ...get, do or act. depends on the verb",nitaw.mp3
nitotamāw,He asked to be given something.,nitotamāw.mp3
nohkom,grandmother,nohkom.mp3
nohtē,Would like to; wants to,nohtē.mp3
nohtâwe,my father,nohtâwe.mp3
nomoya wihkac,never,nomoya_wihkac.mp3
notokwēw,Old woman,notokwēw.mp3
nōcikwēsiw,The old woman,nōcikwēsiw.mp3
nōsēmahkēsis,A female fox or a vixen,nōsēmahkēsis.mp3
nōtinkākān,A weapon,nōtinkākān.mp3
nīkāmōwin,The act of singing or a song,nīkāmōwin.mp3
nīsto kīsikaw,third day,nīsto_kīsikaw.mp3
nīyāno kīsikāw,Friday,nīyāno_kīsikāw.mp3
o,possesive prefix-prenoun= means his or her/preverb=3rd person,o.mp3
ohcitaw,something done on purpose; deliberately,ohcitaw.mp3
ohpēw,He Leaps,ohpēw.mp3
ohphōwipēsim,August - Flying Moon,ohphōwipēsim.mp3
ohpikin,It grows,ohpikin.mp3
ohpikiw,He grows up.,ohpikiw.mp3
ohtēsikēwin,The act of boiling water.,ohtēsikēwin.mp3
okehkwahakēs,An adult wolverine,okehkwahakēs.mp3
okinēy,A tomato,okinēy.mp3
omātōw,A weeper,omātōw.mp3
onikohtēw,A woodcutter,onikohtēw.mp3
onōcihitowipēsim,September - Mating Moon,onōcihitowipēsim.mp3
opaskawēhopēsim,June- egg hatching month,opaskawēhopēsim.mp3
osām,As prefix: too much / as a full word: because,osām.mp3
osāwās,An orange,osāwās.mp3
osāw’pihēsēs,yellowbird,osāw’pihēsēs.mp3
osihtā,"make it, fix it. (inanimate- a thing)",osihtā.mp3
oskātāsk,A carrot,oskātāsk.mp3
oski,prefix means young or new,oski.mp3
oskinikiskwew,A young woman,oskinikiskwew.mp3
otahōwēw,A winner/or he won,otahōwēw.mp3
otatoskēw,An industrious worker.,otatoskēw.mp3
otēhimin,strawberry,otēhimin.mp3
otēhipak,A cabbage,otēhipak.mp3
owāstāhikēw,a waver,owāstāhikēw.mp3
oyēh,At the time when; back then,oyēh.mp3
ōhi,these things here (inanimate),ōhi.mp3
ōhōwak,Owls,ōhōwak.mp3
ōhtēwāpoy,Boiling water,ōhtēwāpoy.mp3
ōki,"These animate items here. eg these cars here, these cats here",ōki.mp3
ōma,this,ōma.mp3
ōskēsēhōwin,The act of wearing new clothes,ōskēsēhōwin.mp3
ōta,here - meaning near you,ōta.mp3
ōtāpihkēw,A weaver,ōtāpihkēw.mp3
ōtē,over here (said to one far away from you),ōtē.mp3
ōtē,over here- this is said to one away from you,ōtē.mp3
ōyēh,back then; at that time when,ōyēh.mp3
pa,reduplicative prefix=meaning over and over again.,pa.mp3
pahkēkinosākay,Moosehide jacket,pahkēkinosākay.mp3
pahkēkinosākay,A jacket,pahkēkinosākay.mp3
pahkin or pahkinikē,skin him as in animate (moose etc),
pahkopē,walk in the water,pahkopē.mp3
pahkopēk,.All of you walk in the water,pahkopēk.mp3
pahkopēwin,The act of walking in the water,pahkopēwin.mp3
pahkwēsikan,Bread,pahkwēsikan.mp3
pahpāhsces,Woodpecker,pahpāhsces.mp3
pahpētos,it all differs; in different ways,pahpētos.mp3
pahpi,laugh,pahpi.mp3
pahpiskich,in separate parts,pahpiskich.mp3
pakowayān,shirt,pakowayān.mp3
pakwahtēhon,A belt,pakwahtēhon.mp3
pakwahtēhona,Belts,pakwahtēhona.mp3
pakwātikōsēwin,Being morally hateful,
pamēpicēwin,A long journey or from camp to camp,pamēpicēwin.mp3
pamihcikē,Drive the vehicle,pamihcikē.mp3
papāmih or papami,around; about,papāmih_or_papami.mp3
pa-pamōhtēw,She or he is walking or traveling every where,pa-pamōhtēw.mp3
pāhkwayākan,A dish towel,pāhkwayākan.mp3
pākahkām,perhaps. It is very likely.,pākahkām.mp3
pāsci or pāschi,over; also used as a prefix to a verb,pāsci_or_pāschi.mp3
pāstēwahtik,A piece of dried wood.,pāstēwahtik.mp3
pekiskwās,Speak to him,pekiskwās.mp3
peyakwayih,one of the same pair,peyakwayih.mp3
pē,prefix to a verb- meaning 'come and..',pē.mp3
pēh,wait for him,pēh.mp3
pēhcōnēs,A blouse,pēhcōnēs.mp3
pēhoh,wait!,pēhoh.mp3
pēhok,Wait! (all of you wait: plural object,pēhok.mp3
pēhowin,The act of waiting or a waiting place - room,pēhowin.mp3
pēhta,verb command -,pēhta.mp3
pēhtākōsiwin,The State of being heard (as in talking).,pēhtākōsiwin.mp3
pēkiskwewina,Words,pēkiskwewina.mp3
pēsimohkān,Clock,pēsimohkān.mp3
pēsimohkānis,A watch,pēsimohkānis.mp3
pēsimohkānis,Spears; Long Sharp Sticks,pēsimohkānis.mp3
pēsiw,Bring him.,pēsiw.mp3
pēw’ kistikāna,Vegetables,
pēyak,The numeral - number one,pēyak.mp3
pēyakosāp,The number eleven,pēyakosāp.mp3
pēyakwayak,in one place; in one location,pēyakwayak.mp3
pēyakwāw,once,pēyakwāw.mp3
picēkwās,An apple,picēkwās.mp3
picih,move (to another place).,picih.mp3
pihēsēsak,Baby chicks,pihēsēsak.mp3
pihkahcēwāpōs,Coffee,pihkahcēwāpōs.mp3
pihtaw,because of,pihtaw.mp3
pihtawētāsān,root word apihtaw-middle pants mitas,pihtawētāsān.mp3
pihtikwē,enter; come in,pihtikwē.mp3
pihtwā,Have a smoke,pihtwā.mp3
piko or poko,only; solely alone in its class,piko_or_poko.mp3
pikwēspēhk,at any given time,
pikwēta,"anywhere, there",pikwēta.mp3
pikwētē,"anywhere, all over",pikwētē.mp3
pimātisi,Live!,pimātisi.mp3
pimēy atāwēw’ kamik,A gas station building,pimēy_atāwēw’_kamik.mp3
pimich,on the side,pimich.mp3
piminawasow’ kamik,A kitchen,piminawasow’_kamik.mp3
pimipahtā,run,pimipahtā.mp3
pipon,It is Winter,pipon.mp3
piponasākay,A winter jacket,piponasākay.mp3
piponasākaya,Winter jackets,piponasākaya.mp3
piponasksisina,winter boots,piponasksisina.mp3
pipon’ asākay,Winter coat or jacket,pipon’_asākay.mp3
pisastēhikan,A whip,pisastēhikan.mp3
pisisak,Baby Cougars (kits),pisisak.mp3
piweyihtamowin,The act of thinking something is worthless.,piweyihtamowin.mp3
poko or piko,have to; must; for sure,poko_or_piko.mp3
poko or piko,"except that,",poko_or_piko.mp3
ponihtā,Leave it alone,ponihtā.mp3
pōna,Make a fire. or add wood to the fire,pōna.mp3
pōnāyamihēw kēsikāw,Monday.,pōnāyamihēw_kēsikāw.mp3
pōnēyim,stop talking and discouraging him,pōnēyim.mp3
pōni,preverb meaning stops; finishes,pōni.mp3
pōnih,leave him alone,pōnih.mp3
pōsihtā,"load it on, carry it on board",pōsihtā.mp3
pōsik,All of you get on board,pōsik.mp3
pōtōma,This is what it became,pōtōma.mp3
pwākomowin,The act of vomitting or vomit,pwākomowin.mp3
sakāw,A forest or wooded area,sakāw.mp3
sakāwēyiniw,Bushman,sakāwēyiniw.mp3
sapopēwin,Wetness,sapopēwin.mp3
sākahikan,A lake,sākahikan.mp3
sākēwēw,He comes into view.,sākēwēw.mp3
sākih,Love him. Cherish him,sākih.mp3
sāsākowāpiskos,chipmunk,sāsākowāpiskos.mp3
sēhkos,A weasel,sēhkos.mp3
sēkahikākan,A ladle,sēkahikākan.mp3
sēkahikākana,Ladles,sēkahikākana.mp3
sēkipatwā,Have or put braids on,sēkipatwā.mp3
sēmāk,right away; now; immediately; at once,sēmāk.mp3
sēnikēwin,The act of wringing out liquid from a cloth (or clothes),sēnikēwin.mp3
sēsēp,A duck,sēsēp.mp3
sēsēpak,Ducks,sēsēpak.mp3
sēsēpaskihk,A kettle,sēsēpaskihk.mp3
sēsēpisisak,Ducklings,sēsēpisisak.mp3
sēstakwaya,Wool or woolen articles,sēstakwaya.mp3
sēwāpoy,A soft drink or pop,sēwāpoy.mp3
sēwāpoy,sweet liquid,sēwāpoy.mp3
sēwihtākan,Salt,sēwihtākan.mp3
simākanisēw’ kamik,A police station building,simākanisēw’_kamik.mp3
sipwehtē,Go away. Leave (root word is walk=pimohtē),sipwehtē.mp3
sohkakihtēw,It is expensive,sohkakihtēw.mp3
soniskwatahikēwkamik,Skating Rink,soniskwatahikēwkamik.mp3
sōhktisiwin,The state of being strong or having inner strength,sōhktisiwin.mp3
sōminahtik,A vine like plant,sōminahtik.mp3
sōminapoy,Wine,sōminapoy.mp3
sōniskwātahikēw’ kamik,A skating arena building,sōniskwātahikēw’_kamik.mp3
sōskwāch,Might as well proceed. Just as well.,sōskwāch.mp3
ta or tah,reduplicative prefix- always or keeps doing,ta_or_tah.mp3
tahkascēkana,Fridges,tahkascēkana.mp3
tahkascikan,A fridge,tahkascikan.mp3
tahto,this is a prefix means - each and every,tahto.mp3
tahtokēsikāw,each and every day,tahtokēsikāw.mp3
tahtotipiskāw,each and every night,tahtotipiskāw.mp3
tahtwayisiyniw,Every person; each person,tahtwayisiyniw.mp3
tahtwāw,each time and every time.,tahtwāw.mp3
tahtwāwiyak,Each one; every one,tahtwāwiyak.mp3
tako,in addition to:,tako.mp3
takwahhiminā,Chokecherry,takwahhiminā.mp3
takwamohcikan,an instrument used to clamp things together,takwamohcikan.mp3
takwākin,It is autumn.,takwākin.mp3
tanehki?,Why?,tanehki?.mp3
tanihi,Where are they (those things),tanihi.mp3
tapasē,verb command,
taspwāw,"therefore, and so",taspwāw.mp3
tāhkāmāpoy,Cold water,tāhkāmāpoy.mp3
tāhkōhch,on top of (eg building hill house etc),tāhkōhch.mp3
tāna,Which one (animate) person or something with living properties,tāna.mp3
tānanima,Which one? inanimate thing,tānanima.mp3
tānēhkanima,Why is it?,tānēhkanima.mp3
tānihi,Which ones? (things plural- inanimate).,tānihi.mp3
tānimayikohk,How much?,tānimayikohk.mp3
tānisēkwa,and How are you ?,tānisēkwa.mp3
tānisi,How are you?,tānisi.mp3
tānispēhk,When?,tānispēhk.mp3
tānita,Where is it at (nearby),tānita.mp3
tānitahto,How many,tānitahto.mp3
tānitahtwāw,How many times?,tānitahtwāw.mp3
tānitē,Where? (over farther),tānitē.mp3
tāniwā,Where is she/or he?,tāniwā.mp3
tāniwehkāk,Where are they? (plural-people or animate things ),tāniwehkāk.mp3
tāniwē,Where it it?,tāniwē.mp3
tāniwēhā,Where are they? (those things- inanimate objects),tāniwēhā.mp3
tānsāwa,What is it with him/her?,tānsāwa.mp3
tānsēsa,How was it?,tānsēsa.mp3
tāpiskōch,Just like; as; equally,tāpiskōch.mp3
tehtapiw' askisina,one who rides boots,tehtapiw'_askisina.mp3
tēpakohpōsāp,The number seventeen,tēpakohpōsāp.mp3
tēpakohpwāw,seven times,tēpakohpwāw.mp3
tēpakōhp,The number seven,tēpakōhp.mp3
tihtipahpinewin,Rolling in pain.,tihtipahpinewin.mp3
tipāpiskōcikan,A weigh scale,tipāpiskōcikan.mp3
tipiskāki,when it gets dark,tipiskāki.mp3
tohtōsāpoy,Milk,tohtōsāpoy.mp3
wa,Reduplicative prefix: To always or keep doing something,wa.mp3
wapiskatim,A white dog,wapiskatim.mp3
wawēsēw,He is well dressed.,wawēsēw.mp3
wawēyēw,He is getting ready (like getting dressed to go out).,wawēyēw.mp3
wawiyas,It is funny.,wawiyas.mp3
wayawēw’ tēhtapowin,An outhouse,wayawēw’_tēhtapowin.mp3
wayāwēw’ kamik,A washroom or bathroom,wayāwēw’_kamik.mp3
wāhiyāw,Far away,wāhiyāw.mp3
wāpim,See him,wāpim.mp3
wāpiskipahkēkin,A prime white hide,wāpiskipahkēkin.mp3
wāpiwin,The ability to see,wāpiwin.mp3
wāposak,Rabbits,wāposak.mp3
wāsakām,All around an object or area also a prefix,wāsakām.mp3
wāsaskotēnikan,A lamp or lightbulb,wāsaskotēnikan.mp3
wāskesiwak,Elks (plural form of elk),wāskesiwak.mp3
wāskēsōw,Elk,wāskēsōw.mp3
wāstāhikēwin,The act of waving one’s hand,wāstāhikēwin.mp3
wāwēs,especially,wāwēs.mp3
wāwi,An egg,wāwi.mp3
wāwiyak,too much,wāwiyak.mp3
wāyipēyāw,Waterhole,wāyipēyāw.mp3
wēkihtōwin,Wedding,wēkihtōwin.mp3
wēkinikan,Wrapping cloth or paper.,wēkinikan.mp3
wēkiw,He lives in a house.,wēkiw.mp3
wēpayōwēwin,Wag or the act of wagging the tail,wēpayōwēwin.mp3
wēpin,Throw him away,wēpin.mp3
wēpina,Throw it away,wēpina.mp3
wēsakacihp,groundhog or woodchuck,wēsakacihp.mp3
wēskacān,A whiskey jack,wēskacān.mp3
wēyas,Meat,wēyas.mp3
wēyatwēwin,Wit and humour,wēyatwēwin.mp3
wēyākan,A dish or plate (singular),wēyākan.mp3
wēyākanēw-kisēpēkinikan,dish soap,wēyākanēw-kisēpēkinikan.mp3
wihcēkaskosēy,An onion,wihcēkaskosēy.mp3
wihkāch,ever,wihkāch.mp3
wihpēm,Sleep with him.,wihpēm.mp3
wihtaskāta,Sing words into a native song,wihtaskāta.mp3
wihtāmaw,Tell him,wihtāmaw.mp3
wiya or,the third person;,wiya_or.mp3
wiyawāw,"they, theirs",wiyawāw.mp3
wiysta,him too; he also (this third person too),wiysta.mp3
ya or yah,reduplicative prefix- means always or keeps doing,ya_or_yah.mp3
yōtin,Wind or it is windy,yōtin.mp3
