filename,predicted_text,correct_word
acahkosak.mp3,ERROR: [WinError 2] The system cannot find the file specified,acahkosak
achimoh.mp3,ERROR: [WinError 2] The system cannot find the file specified,achimoh
achimostamawâw.mp3,ERROR: [WinError 2] The system cannot find the file specified,achimostamawâw
achimostaw.mp3,ERROR: [WinError 2] The system cannot find the file specified,achimostaw
achimostawihk.mp3,ERROR: [WinError 2] The system cannot find the file specified,achimostawihk
achimostawik.mp3,ERROR: [WinError 2] The system cannot find the file specified,achimostawik
achimostawin.mp3,ERROR: [WinError 2] The system cannot find the file specified,achimostawin
achimostawinan.mp3,ERROR: [WinError 2] The system cannot find the file specified,achimostawinan
achimostawāw.mp3,ERROR: [WinError 2] The system cannot find the file specified,achimostawāw
achimostawēw.mp3,ERROR: [WinError 2] The system cannot find the file specified,achimostawēw
achimostawēwak.mp3,ERROR: [WinError 2] The system cannot find the file specified,achimostawēwak
achimâw.mp3,ERROR: [WinError 2] The system cannot find the file specified,achimâw
achimēwak.mp3,ERROR: [WinError 2] The system cannot find the file specified,achimēwak
achiwinam.mp3,ERROR: [WinError 2] The system cannot find the file specified,achiwinam
achiwpayin.mp3,ERROR: [WinError 2] The system cannot find the file specified,achiwpayin
achiwīpayiw.mp3,ERROR: [WinError 2] The system cannot find the file specified,achiwīpayiw
acim.mp3,ERROR: [WinError 2] The system cannot find the file specified,acim
acimosisak.mp3,ERROR: [WinError 2] The system cannot find the file specified,acimosisak
acosis.mp3,ERROR: [WinError 2] The system cannot find the file specified,acosis
acoskēwinis.mp3,ERROR: [WinError 2] The system cannot find the file specified,acoskēwinis
ahcanis.mp3,ERROR: [WinError 2] The system cannot find the file specified,ahcanis
ahchi.mp3,ERROR: [WinError 2] The system cannot find the file specified,ahchi
ahchipiko.mp3,ERROR: [WinError 2] The system cannot find the file specified,ahchipiko
ahcānisak.mp3,ERROR: [WinError 2] The system cannot find the file specified,ahcānisak
ahih.mp3,ERROR: [WinError 2] The system cannot find the file specified,ahih
ahihk.mp3,ERROR: [WinError 2] The system cannot find the file specified,ahihk
ahik.mp3,ERROR: [WinError 2] The system cannot find the file specified,ahik
ahin.mp3,ERROR: [WinError 2] The system cannot find the file specified,ahin
ahkamēyihtam.mp3,ERROR: [WinError 2] The system cannot find the file specified,ahkamēyihtam
ahkamēyimoh.mp3,ERROR: [WinError 2] The system cannot find the file specified,ahkamēyimoh
ahkamēyimōk.mp3,ERROR: [WinError 2] The system cannot find the file specified,ahkamēyimōk
ahkwachāw.mp3,ERROR: [WinError 2] The system cannot find the file specified,ahkwachāw
ahkwakamin.mp3,ERROR: [WinError 2] The system cannot find the file specified,ahkwakamin
ahkwan.mp3,ERROR: [WinError 2] The system cannot find the file specified,ahkwan
ahkwatihtā.mp3,ERROR: [WinError 2] The system cannot find the file specified,ahkwatihtā
ahkwatin.mp3,ERROR: [WinError 2] The system cannot find the file specified,ahkwatin
ahkwātisōwin.mp3,ERROR: [WinError 2] The system cannot find the file specified,ahkwātisōwin
ahpō.mp3,ERROR: [WinError 2] The system cannot find the file specified,ahpō
ahtastā.mp3,ERROR: [WinError 2] The system cannot find the file specified,ahtastā
ahtoskēwo'_kamik.mp3,ERROR: [WinError 2] The system cannot find the file specified,ahtoskēwo' kamik
ahāw.mp3,ERROR: [WinError 2] The system cannot find the file specified,ahāw
ahēw.mp3,ERROR: [WinError 2] The system cannot find the file specified,ahēw
ahēwak.mp3,ERROR: [WinError 2] The system cannot find the file specified,ahēwak
akahkway.mp3,ERROR: [WinError 2] The system cannot find the file specified,akahkway
akahkwayak.mp3,ERROR: [WinError 2] The system cannot find the file specified,akahkwayak
akawatamowin.mp3,ERROR: [WinError 2] The system cannot find the file specified,akawatamowin
akayāsemoh.mp3,ERROR: [WinError 2] The system cannot find the file specified,akayāsemoh
akayāsemōwin.mp3,ERROR: [WinError 2] The system cannot find the file specified,akayāsemōwin
akihchike.mp3,ERROR: [WinError 2] The system cannot find the file specified,akihchike
akihcikēwin.mp3,ERROR: [WinError 2] The system cannot find the file specified,akihcikēwin
akihta.mp3,ERROR: [WinError 2] The system cannot find the file specified,akihta
akihtamaw.mp3,ERROR: [WinError 2] The system cannot find the file specified,akihtamaw
akihtāsowin.mp3,ERROR: [WinError 2] The system cannot find the file specified,akihtāsowin
akihtāsōna.mp3,ERROR: [WinError 2] The system cannot find the file specified,akihtāsōna
akim.mp3,ERROR: [WinError 2] The system cannot find the file specified,akim
akos.mp3,ERROR: [WinError 2] The system cannot find the file specified,akos
akoskôwahchikē.mp3,ERROR: [WinError 2] The system cannot find the file specified,akoskôwahchikē
akotā.mp3,ERROR: [WinError 2] The system cannot find the file specified,akotā
akwaha.mp3,ERROR: [WinError 2] The system cannot find the file specified,akwaha
akwahpisōwin.mp3,ERROR: [WinError 2] The system cannot find the file specified,akwahpisōwin
akwamohcikēwin.mp3,ERROR: [WinError 2] The system cannot find the file specified,akwamohcikēwin
akwana.mp3,ERROR: [WinError 2] The system cannot find the file specified,akwana
akwanahikana.mp3,ERROR: [WinError 2] The system cannot find the file specified,akwanahikana
akwâna.mp3,ERROR: [WinError 2] The system cannot find the file specified,akwâna
akwānahā.mp3,ERROR: [WinError 2] The system cannot find the file specified,akwānahā
akāwācikēwin.mp3,ERROR: [WinError 2] The system cannot find the file specified,akāwācikēwin
akāwāstēskamok.mp3,ERROR: [WinError 2] The system cannot find the file specified,akāwāstēskamok
amaciwēnēkānohtēwin.mp3,ERROR: [WinError 2] The system cannot find the file specified,amaciwēnēkānohtēwin
amisk.mp3,ERROR: [WinError 2] The system cannot find the file specified,amisk
amiskosākahikan.mp3,ERROR: [WinError 2] The system cannot find the file specified,amiskosākahikan
amiskwak.mp3,ERROR: [WinError 2] The system cannot find the file specified,amiskwak
amiskwayiwa.mp3,ERROR: [WinError 2] The system cannot find the file specified,amiskwayiwa
amiskwayān.mp3,ERROR: [WinError 2] The system cannot find the file specified,amiskwayān
amiskwayāna.mp3,ERROR: [WinError 2] The system cannot find the file specified,amiskwayāna
anikwacās.mp3,ERROR: [WinError 2] The system cannot find the file specified,anikwacās
aniskamanak.mp3,ERROR: [WinError 2] The system cannot find the file specified,aniskamanak
anāskāna.mp3,ERROR: [WinError 2] The system cannot find the file specified,anāskāna
apacihcikan.mp3,ERROR: [WinError 2] The system cannot find the file specified,apacihcikan
apacikcikana.mp3,ERROR: [WinError 2] The system cannot find the file specified,apacikcikana
apahkwācēsak.mp3,ERROR: [WinError 2] The system cannot find the file specified,apahkwācēsak
apih.mp3,ERROR: [WinError 2] The system cannot find the file specified,apih
apihkāta.mp3,ERROR: [WinError 2] The system cannot find the file specified,apihkāta
apihkē.mp3,ERROR: [WinError 2] The system cannot find the file specified,apihkē
apihkēwin.mp3,ERROR: [WinError 2] The system cannot find the file specified,apihkēwin
apihkēwina.mp3,ERROR: [WinError 2] The system cannot find the file specified,apihkēwina
apihtāpiw.mp3,ERROR: [WinError 2] The system cannot find the file specified,apihtāpiw
apik.mp3,ERROR: [WinError 2] The system cannot find the file specified,apik
apiscacihkos.mp3,ERROR: [WinError 2] The system cannot find the file specified,apiscacihkos
apisesiw.mp3,ERROR: [WinError 2] The system cannot find the file specified,apisesiw
apisēsiw.mp3,ERROR: [WinError 2] The system cannot find the file specified,apisēsiw
apitān.mp3,ERROR: [WinError 2] The system cannot find the file specified,apitān
aposōyahtikwa.mp3,ERROR: [WinError 2] The system cannot find the file specified,aposōyahtikwa
apoy.mp3,ERROR: [WinError 2] The system cannot find the file specified,apoy
apoyak.mp3,ERROR: [WinError 2] The system cannot find the file specified,apoyak
apwēsiwin.mp3,ERROR: [WinError 2] The system cannot find the file specified,apwēsiwin
apāchih.mp3,ERROR: [WinError 2] The system cannot find the file specified,apāchih
apēhtāwsēyaw.mp3,ERROR: [WinError 2] The system cannot find the file specified,apēhtāwsēyaw
apēw'_kamik.mp3,ERROR: [WinError 2] The system cannot find the file specified,apēw' kamik
as'pēyimoh.mp3,ERROR: [WinError 2] The system cannot find the file specified,as'pēyimoh
asahpicēkēwin.mp3,ERROR: [WinError 2] The system cannot find the file specified,asahpicēkēwin
asam.mp3,ERROR: [WinError 2] The system cannot find the file specified,asam
asamās.mp3,ERROR: [WinError 2] The system cannot find the file specified,asamās
asamāw.mp3,ERROR: [WinError 2] The system cannot find the file specified,asamāw
asamēna.mp3,ERROR: [WinError 2] The system cannot find the file specified,asamēna
asawāpam.mp3,ERROR: [WinError 2] The system cannot find the file specified,asawāpam
asci.mp3,ERROR: [WinError 2] The system cannot find the file specified,asci
asikan.mp3,ERROR: [WinError 2] The system cannot find the file specified,asikan
asikanak.mp3,ERROR: [WinError 2] The system cannot find the file specified,asikanak
asiniysisak.mp3,ERROR: [WinError 2] The system cannot find the file specified,asiniysisak
asiniywaciya.mp3,ERROR: [WinError 2] The system cannot find the file specified,asiniywaciya
asinēyak.mp3,ERROR: [WinError 2] The system cannot find the file specified,asinēyak
askihk.mp3,ERROR: [WinError 2] The system cannot find the file specified,askihk
askihkohkānis.mp3,ERROR: [WinError 2] The system cannot find the file specified,askihkohkānis
askipahkwēsikan.mp3,ERROR: [WinError 2] The system cannot find the file specified,askipahkwēsikan
askipwāw.mp3,ERROR: [WinError 2] The system cannot find the file specified,askipwāw
askipwāwa.mp3,ERROR: [WinError 2] The system cannot find the file specified,askipwāwa
askiwiyās.mp3,ERROR: [WinError 2] The system cannot find the file specified,askiwiyās
askiy.mp3,ERROR: [WinError 2] The system cannot find the file specified,askiy
askāhtik.mp3,ERROR: [WinError 2] The system cannot find the file specified,askāhtik
askāw.mp3,ERROR: [WinError 2] The system cannot find the file specified,askāw
askāwewan.mp3,ERROR: [WinError 2] The system cannot find the file specified,askāwewan
askō.mp3,ERROR: [WinError 2] The system cannot find the file specified,askō
asonē.mp3,ERROR: [WinError 2] The system cannot find the file specified,asonē
asotamōwin.mp3,ERROR: [WinError 2] The system cannot find the file specified,asotamōwin
asowacikan.mp3,ERROR: [WinError 2] The system cannot find the file specified,asowacikan
asowatā.mp3,ERROR: [WinError 2] The system cannot find the file specified,asowatā
aspapōwin.mp3,ERROR: [WinError 2] The system cannot find the file specified,aspapōwin
aspihci.mp3,ERROR: [WinError 2] The system cannot find the file specified,aspihci
aspin.mp3,ERROR: [WinError 2] The system cannot find the file specified,aspin
aspinikan.mp3,ERROR: [WinError 2] The system cannot find the file specified,aspinikan
aspitahkoskākan.mp3,ERROR: [WinError 2] The system cannot find the file specified,aspitahkoskākan
asta.mp3,ERROR: [WinError 2] The system cannot find the file specified,asta
astawēha.mp3,ERROR: [WinError 2] The system cannot find the file specified,astawēha
astawēna.mp3,ERROR: [WinError 2] The system cannot find the file specified,astawēna
astawēska.mp3,ERROR: [WinError 2] The system cannot find the file specified,astawēska
astotina.mp3,ERROR: [WinError 2] The system cannot find the file specified,astotina
aswēhta.mp3,ERROR: [WinError 2] The system cannot find the file specified,aswēhta
aswēyim.mp3,ERROR: [WinError 2] The system cannot find the file specified,aswēyim
asāhpis.mp3,ERROR: [WinError 2] The system cannot find the file specified,asāhpis
asēn.mp3,ERROR: [WinError 2] The system cannot find the file specified,asēn
asēna.mp3,ERROR: [WinError 2] The system cannot find the file specified,asēna
asēpita.mp3,ERROR: [WinError 2] The system cannot find the file specified,asēpita
asēsina.mp3,ERROR: [WinError 2] The system cannot find the file specified,asēsina
asōwa.mp3,ERROR: [WinError 2] The system cannot find the file specified,asōwa
asōwatāw.mp3,ERROR: [WinError 2] The system cannot find the file specified,asōwatāw
asōwatēw.mp3,ERROR: [WinError 2] The system cannot find the file specified,asōwatēw
atamiskaw.mp3,ERROR: [WinError 2] The system cannot find the file specified,atamiskaw
atamiskākē.mp3,ERROR: [WinError 2] The system cannot find the file specified,atamiskākē
atamiskākēwak.mp3,ERROR: [WinError 2] The system cannot find the file specified,atamiskākēwak
atawēyihta.mp3,ERROR: [WinError 2] The system cannot find the file specified,atawēyihta
ate.mp3,ERROR: [WinError 2] The system cannot find the file specified,ate
atimapi.mp3,ERROR: [WinError 2] The system cannot find the file specified,atimapi
atimapik.mp3,ERROR: [WinError 2] The system cannot find the file specified,atimapik
atoska.mp3,ERROR: [WinError 2] The system cannot find the file specified,atoska
atoskaw.mp3,ERROR: [WinError 2] The system cannot find the file specified,atoskaw
atoskehkēk.mp3,ERROR: [WinError 2] The system cannot find the file specified,atoskehkēk
atoskāta.mp3,ERROR: [WinError 2] The system cannot find the file specified,atoskāta
atoskē.mp3,ERROR: [WinError 2] The system cannot find the file specified,atoskē
atoskēwin.mp3,ERROR: [WinError 2] The system cannot find the file specified,atoskēwin
atāmihk.mp3,ERROR: [WinError 2] The system cannot find the file specified,atāmihk
atāmihkok.mp3,ERROR: [WinError 2] The system cannot find the file specified,atāmihkok
atāmin.mp3,ERROR: [WinError 2] The system cannot find the file specified,atāmin
atāmēw.mp3,ERROR: [WinError 2] The system cannot find the file specified,atāmēw
atāwewikamikwa.mp3,ERROR: [WinError 2] The system cannot find the file specified,atāwewikamikwa
atāwākē.mp3,ERROR: [WinError 2] The system cannot find the file specified,atāwākē
atāwākēk.mp3,ERROR: [WinError 2] The system cannot find the file specified,atāwākēk
atāwē.mp3,ERROR: [WinError 2] The system cannot find the file specified,atāwē
atāwēk.mp3,ERROR: [WinError 2] The system cannot find the file specified,atāwēk
atē.mp3,ERROR: [WinError 2] The system cannot find the file specified,atē
awa.mp3,ERROR: [WinError 2] The system cannot find the file specified,awa
awas.mp3,ERROR: [WinError 2] The system cannot find the file specified,awas
awasita.mp3,ERROR: [WinError 2] The system cannot find the file specified,awasita
awasitē.mp3,ERROR: [WinError 2] The system cannot find the file specified,awasitē
awatā.mp3,ERROR: [WinError 2] The system cannot find the file specified,awatā
awih.mp3,ERROR: [WinError 2] The system cannot find the file specified,awih
awēna.mp3,ERROR: [WinError 2] The system cannot find the file specified,awēna
awēnāna.mp3,ERROR: [WinError 2] The system cannot find the file specified,awēnāna
awēnāwa.mp3,ERROR: [WinError 2] The system cannot find the file specified,awēnāwa
awēta.mp3,ERROR: [WinError 2] The system cannot find the file specified,awēta
awēte.mp3,ERROR: [WinError 2] The system cannot find the file specified,awēte
awēyak.mp3,ERROR: [WinError 2] The system cannot find the file specified,awēyak
ayah.mp3,ERROR: [WinError 2] The system cannot find the file specified,ayah
ayahci.mp3,ERROR: [WinError 2] The system cannot find the file specified,ayahci
ayahk.mp3,ERROR: [WinError 2] The system cannot find the file specified,ayahk
ayamihtā.mp3,ERROR: [WinError 2] The system cannot find the file specified,ayamihtā
ayamihā.mp3,ERROR: [WinError 2] The system cannot find the file specified,ayamihā
ayamihāwin.mp3,ERROR: [WinError 2] The system cannot find the file specified,ayamihāwin
ayamihēw_kēsikāw.mp3,ERROR: [WinError 2] The system cannot find the file specified,ayamihēw kēsikāw
ayewinisā.mp3,ERROR: [WinError 2] The system cannot find the file specified,ayewinisā
ayikisis.mp3,ERROR: [WinError 2] The system cannot find the file specified,ayikisis
ayinānēw.mp3,ERROR: [WinError 2] The system cannot find the file specified,ayinānēw
ayinānēwosāp.mp3,ERROR: [WinError 2] The system cannot find the file specified,ayinānēwosāp
ayisk.mp3,ERROR: [WinError 2] The system cannot find the file specified,ayisk
ayiwāk.mp3,ERROR: [WinError 2] The system cannot find the file specified,ayiwāk
ayiwēpi.mp3,ERROR: [WinError 2] The system cannot find the file specified,ayiwēpi
ayā.mp3,ERROR: [WinError 2] The system cannot find the file specified,ayā
ayēkipēsim.mp3,ERROR: [WinError 2] The system cannot find the file specified,ayēkipēsim
ayēwinisā.mp3,ERROR: [WinError 2] The system cannot find the file specified,ayēwinisā
ayōskan.mp3,ERROR: [WinError 2] The system cannot find the file specified,ayōskan
cahcahkaha.mp3,ERROR: [WinError 2] The system cannot find the file specified,cahcahkaha
cahcahkinosēw.mp3,ERROR: [WinError 2] The system cannot find the file specified,cahcahkinosēw
cahcāmōwin.mp3,ERROR: [WinError 2] The system cannot find the file specified,cahcāmōwin
cahka.mp3,ERROR: [WinError 2] The system cannot find the file specified,cahka
cahkin.mp3,ERROR: [WinError 2] The system cannot find the file specified,cahkin
cahkāha.mp3,ERROR: [WinError 2] The system cannot find the file specified,cahkāha
cahkās.mp3,ERROR: [WinError 2] The system cannot find the file specified,cahkās
ce.mp3,ERROR: [WinError 2] The system cannot find the file specified,ce
chēpataha.mp3,ERROR: [WinError 2] The system cannot find the file specified,chēpataha
cihcēkin.mp3,ERROR: [WinError 2] The system cannot find the file specified,cihcēkin
cihcēkinin.mp3,ERROR: [WinError 2] The system cannot find the file specified,cihcēkinin
cihcēkwahcikē.mp3,ERROR: [WinError 2] The system cannot find the file specified,cihcēkwahcikē
cikāstēpayihcēkan.mp3,ERROR: [WinError 2] The system cannot find the file specified,cikāstēpayihcēkan
cipahikanis.mp3,ERROR: [WinError 2] The system cannot find the file specified,cipahikanis
cāh.mp3,ERROR: [WinError 2] The system cannot find the file specified,cāh
cēka.mp3,ERROR: [WinError 2] The system cannot find the file specified,cēka
cēkaha.mp3,ERROR: [WinError 2] The system cannot find the file specified,cēkaha
cēkahikan.mp3,ERROR: [WinError 2] The system cannot find the file specified,cēkahikan
cēki.mp3,ERROR: [WinError 2] The system cannot find the file specified,cēki
cēpatahikē.mp3,ERROR: [WinError 2] The system cannot find the file specified,cēpatahikē
cēsi.mp3,ERROR: [WinError 2] The system cannot find the file specified,cēsi
cēsihiwēwin.mp3,ERROR: [WinError 2] The system cannot find the file specified,cēsihiwēwin
cēsimiwēw.mp3,ERROR: [WinError 2] The system cannot find the file specified,cēsimiwēw
cēskwa.mp3,ERROR: [WinError 2] The system cannot find the file specified,cēskwa
cēsta.mp3,ERROR: [WinError 2] The system cannot find the file specified,cēsta
cēstahikan.mp3,ERROR: [WinError 2] The system cannot find the file specified,cēstahikan
cēstin.mp3,ERROR: [WinError 2] The system cannot find the file specified,cēstin
ekay_ekaya.mp3,ERROR: [WinError 2] The system cannot find the file specified,ekay ekaya
ekay_wiya.mp3,ERROR: [WinError 2] The system cannot find the file specified,ekay wiya
ekoni.mp3,ERROR: [WinError 2] The system cannot find the file specified,ekoni
ekonihi.mp3,ERROR: [WinError 2] The system cannot find the file specified,ekonihi
ekospēhk.mp3,ERROR: [WinError 2] The system cannot find the file specified,ekospēhk
ekosāni.mp3,ERROR: [WinError 2] The system cannot find the file specified,ekosāni
ekosēsi.mp3,ERROR: [WinError 2] The system cannot find the file specified,ekosēsi
ekote.mp3,ERROR: [WinError 2] The system cannot find the file specified,ekote
ekōsani.mp3,ERROR: [WinError 2] The system cannot find the file specified,ekōsani
ekōsi.mp3,ERROR: [WinError 2] The system cannot find the file specified,ekōsi
etahkōmēw.mp3,ERROR: [WinError 2] The system cannot find the file specified,etahkōmēw
etohta.mp3,ERROR: [WinError 2] The system cannot find the file specified,etohta
ewako_ohci.mp3,ERROR: [WinError 2] The system cannot find the file specified,ewako ohci
ewako_or_ēko.mp3,ERROR: [WinError 2] The system cannot find the file specified,ewako or ēko
eyik.mp3,ERROR: [WinError 2] The system cannot find the file specified,eyik
hay!_hay!.mp3,ERROR: [WinError 2] The system cannot find the file specified,hay! hay!
hey!_hey!.mp3,ERROR: [WinError 2] The system cannot find the file specified,hey! hey!
ihkwā.mp3,ERROR: [WinError 2] The system cannot find the file specified,ihkwā
ihtakon.mp3,ERROR: [WinError 2] The system cannot find the file specified,ihtakon
ihtakow.mp3,ERROR: [WinError 2] The system cannot find the file specified,ihtakow
ikamā.mp3,ERROR: [WinError 2] The system cannot find the file specified,ikamā
isihcikātōwin.mp3,ERROR: [WinError 2] The system cannot find the file specified,isihcikātōwin
isihkāsow.mp3,ERROR: [WinError 2] The system cannot find the file specified,isihkāsow
isihtāw.mp3,ERROR: [WinError 2] The system cannot find the file specified,isihtāw
iskipēw.mp3,ERROR: [WinError 2] The system cannot find the file specified,iskipēw
iskona.mp3,ERROR: [WinError 2] The system cannot find the file specified,iskona
iskonikan.mp3,ERROR: [WinError 2] The system cannot find the file specified,iskonikan
iskotēw’_kamik.mp3,ERROR: [WinError 2] The system cannot find the file specified,iskotēw’ kamik
iskwayāch.mp3,ERROR: [WinError 2] The system cannot find the file specified,iskwayāch
iskwēw.mp3,ERROR: [WinError 2] The system cannot find the file specified,iskwēw
iskwēwak.mp3,ERROR: [WinError 2] The system cannot find the file specified,iskwēwak
iskwēwowin.mp3,ERROR: [WinError 2] The system cannot find the file specified,iskwēwowin
ispahtāw.mp3,ERROR: [WinError 2] The system cannot find the file specified,ispahtāw
ispayin.mp3,ERROR: [WinError 2] The system cannot find the file specified,ispayin
ispiciw.mp3,ERROR: [WinError 2] The system cannot find the file specified,ispiciw
ispimihk.mp3,ERROR: [WinError 2] The system cannot find the file specified,ispimihk
ispāyiw.mp3,ERROR: [WinError 2] The system cannot find the file specified,ispāyiw
isēhōw.mp3,ERROR: [WinError 2] The system cannot find the file specified,isēhōw
itisa.mp3,ERROR: [WinError 2] The system cannot find the file specified,itisa
itohta.mp3,ERROR: [WinError 2] The system cannot find the file specified,itohta
itohtatā.mp3,ERROR: [WinError 2] The system cannot find the file specified,itohtatā
itohtē.mp3,ERROR: [WinError 2] The system cannot find the file specified,itohtē
itwa.mp3,ERROR: [WinError 2] The system cannot find the file specified,itwa
itwē.mp3,ERROR: [WinError 2] The system cannot find the file specified,itwē
itwēw.mp3,ERROR: [WinError 2] The system cannot find the file specified,itwēw
itāpow.mp3,ERROR: [WinError 2] The system cannot find the file specified,itāpow
itātisiw.mp3,ERROR: [WinError 2] The system cannot find the file specified,itātisiw
itāw.mp3,ERROR: [WinError 2] The system cannot find the file specified,itāw
itēyihta.mp3,ERROR: [WinError 2] The system cannot find the file specified,itēyihta
itōhōw.mp3,ERROR: [WinError 2] The system cannot find the file specified,itōhōw
itōta.mp3,ERROR: [WinError 2] The system cannot find the file specified,itōta
iyikohk.mp3,ERROR: [WinError 2] The system cannot find the file specified,iyikohk
iyikopiwipēsim.mp3,ERROR: [WinError 2] The system cannot find the file specified,iyikopiwipēsim
iyinesowin.mp3,ERROR: [WinError 2] The system cannot find the file specified,iyinesowin
iyiwehk.mp3,ERROR: [WinError 2] The system cannot find the file specified,iyiwehk
iyāyaw.mp3,ERROR: [WinError 2] The system cannot find the file specified,iyāyaw
iyāyikohk.mp3,ERROR: [WinError 2] The system cannot find the file specified,iyāyikohk
iyāyitē.mp3,ERROR: [WinError 2] The system cannot find the file specified,iyāyitē
kah!.mp3,ERROR: [WinError 2] The system cannot find the file specified,kah!
kah-kimōwan.mp3,ERROR: [WinError 2] The system cannot find the file specified,kah-kimōwan
kah-kitow.mp3,ERROR: [WinError 2] The system cannot find the file specified,kah-kitow
kah-kēyāskōw.mp3,ERROR: [WinError 2] The system cannot find the file specified,kah-kēyāskōw
kahcitina.mp3,ERROR: [WinError 2] The system cannot find the file specified,kahcitina
kahkan.mp3,ERROR: [WinError 2] The system cannot find the file specified,kahkan
kahke.mp3,ERROR: [WinError 2] The system cannot find the file specified,kahke
kahkihtwām.mp3,ERROR: [WinError 2] The system cannot find the file specified,kahkihtwām
kahkominakāk.mp3,ERROR: [WinError 2] The system cannot find the file specified,kahkominakāk
kahkwēyihtam.mp3,ERROR: [WinError 2] The system cannot find the file specified,kahkwēyihtam
kahkākow.mp3,ERROR: [WinError 2] The system cannot find the file specified,kahkākow
kahkē.mp3,ERROR: [WinError 2] The system cannot find the file specified,kahkē
kahkēwak-ohkē-k.mp3,ERROR: [WinError 2] The system cannot find the file specified,kahkēwak-ohkē-k
kahkēwak-ohkē.mp3,ERROR: [WinError 2] The system cannot find the file specified,kahkēwak-ohkē
kakatāch.mp3,ERROR: [WinError 2] The system cannot find the file specified,kakatāch
kakwecihkemowina.mp3,ERROR: [WinError 2] The system cannot find the file specified,kakwecihkemowina
kakwē.mp3,ERROR: [WinError 2] The system cannot find the file specified,kakwē
kakwēcihkēmōwin.mp3,ERROR: [WinError 2] The system cannot find the file specified,kakwēcihkēmōwin
kakwēyāhiwin.mp3,ERROR: [WinError 2] The system cannot find the file specified,kakwēyāhiwin
kakwēyāhōwin.mp3,ERROR: [WinError 2] The system cannot find the file specified,kakwēyāhōwin
kakāyawisiw.mp3,ERROR: [WinError 2] The system cannot find the file specified,kakāyawisiw
kakē.mp3,ERROR: [WinError 2] The system cannot find the file specified,kakē
kakēpātis.mp3,ERROR: [WinError 2] The system cannot find the file specified,kakēpātis
kakēskim.mp3,ERROR: [WinError 2] The system cannot find the file specified,kakēskim
kakē_-ayāwāw.mp3,ERROR: [WinError 2] The system cannot find the file specified,kakē -ayāwāw
kamik.mp3,ERROR: [WinError 2] The system cannot find the file specified,kamik
kanakē.mp3,ERROR: [WinError 2] The system cannot find the file specified,kanakē
kanakēs.mp3,ERROR: [WinError 2] The system cannot find the file specified,kanakēs
kanawāpahta.mp3,ERROR: [WinError 2] The system cannot find the file specified,kanawāpahta
kanawāpam.mp3,ERROR: [WinError 2] The system cannot find the file specified,kanawāpam
kanawēyihta.mp3,ERROR: [WinError 2] The system cannot find the file specified,kanawēyihta
kanawēyim.mp3,ERROR: [WinError 2] The system cannot find the file specified,kanawēyim
kanwapokēwin.mp3,ERROR: [WinError 2] The system cannot find the file specified,kanwapokēwin
kanācih.mp3,ERROR: [WinError 2] The system cannot find the file specified,kanācih
kanātastēw.mp3,ERROR: [WinError 2] The system cannot find the file specified,kanātastēw
kanātatisōwin.mp3,ERROR: [WinError 2] The system cannot find the file specified,kanātatisōwin
kanātisi-w.mp3,ERROR: [WinError 2] The system cannot find the file specified,kanātisi-w
kanātisiwin.mp3,ERROR: [WinError 2] The system cannot find the file specified,kanātisiwin
kapēsiw.mp3,ERROR: [WinError 2] The system cannot find the file specified,kapēsiw
kapēsiwin.mp3,ERROR: [WinError 2] The system cannot find the file specified,kapēsiwin
kapēyayihk.mp3,ERROR: [WinError 2] The system cannot find the file specified,kapēyayihk
kaskam.mp3,ERROR: [WinError 2] The system cannot find the file specified,kaskam
kaskatinōwipēsim.mp3,ERROR: [WinError 2] The system cannot find the file specified,kaskatinōwipēsim
kaskihow.mp3,ERROR: [WinError 2] The system cannot find the file specified,kaskihow
kaskihtāw.mp3,ERROR: [WinError 2] The system cannot find the file specified,kaskihtāw
kaskihtāwin.mp3,ERROR: [WinError 2] The system cannot find the file specified,kaskihtāwin
kaskihēw.mp3,ERROR: [WinError 2] The system cannot find the file specified,kaskihēw
kaskikwācikē.mp3,ERROR: [WinError 2] The system cannot find the file specified,kaskikwācikē
kaskikwāsoh.mp3,ERROR: [WinError 2] The system cannot find the file specified,kaskikwāsoh
kaskikwāsowin.mp3,ERROR: [WinError 2] The system cannot find the file specified,kaskikwāsowin
kaskikātēsin.mp3,ERROR: [WinError 2] The system cannot find the file specified,kaskikātēsin
kaskim.mp3,ERROR: [WinError 2] The system cannot find the file specified,kaskim
kaskimihk.mp3,ERROR: [WinError 2] The system cannot find the file specified,kaskimihk
kaskina.mp3,ERROR: [WinError 2] The system cannot find the file specified,kaskina
kaskitēwacāpō.mp3,ERROR: [WinError 2] The system cannot find the file specified,kaskitēwacāpō
kaskāpahtew.mp3,ERROR: [WinError 2] The system cannot find the file specified,kaskāpahtew
kaskāpasam.mp3,ERROR: [WinError 2] The system cannot find the file specified,kaskāpasam
kaskēyihtam.mp3,ERROR: [WinError 2] The system cannot find the file specified,kaskēyihtam
kaskēyimēw.mp3,ERROR: [WinError 2] The system cannot find the file specified,kaskēyimēw
kasēcihceēwin.mp3,ERROR: [WinError 2] The system cannot find the file specified,kasēcihceēwin
kawa.mp3,ERROR: [WinError 2] The system cannot find the file specified,kawa
kawisimo.mp3,ERROR: [WinError 2] The system cannot find the file specified,kawisimo
kawiwēpin.mp3,ERROR: [WinError 2] The system cannot find the file specified,kawiwēpin
kayahtē.mp3,ERROR: [WinError 2] The system cannot find the file specified,kayahtē
kayesowina.mp3,ERROR: [WinError 2] The system cannot find the file specified,kayesowina
kayāsēs.mp3,ERROR: [WinError 2] The system cannot find the file specified,kayāsēs
kayēsowin.mp3,ERROR: [WinError 2] The system cannot find the file specified,kayēsowin
kayēyisiw.mp3,ERROR: [WinError 2] The system cannot find the file specified,kayēyisiw
ka_kē.mp3,ERROR: [WinError 2] The system cannot find the file specified,ka kē
ka_wayēsimiht.mp3,ERROR: [WinError 2] The system cannot find the file specified,ka wayēsimiht
kehcinahōw.mp3,ERROR: [WinError 2] The system cannot find the file specified,kehcinahōw
kehcinā.mp3,ERROR: [WinError 2] The system cannot find the file specified,kehcinā
kehcināho.mp3,ERROR: [WinError 2] The system cannot find the file specified,kehcināho
kehitwēw.mp3,ERROR: [WinError 2] The system cannot find the file specified,kehitwēw
kehkwāhākēsis.mp3,ERROR: [WinError 2] The system cannot find the file specified,kehkwāhākēsis
kekway.mp3,ERROR: [WinError 2] The system cannot find the file specified,kekway
kepihtinkewin.mp3,ERROR: [WinError 2] The system cannot find the file specified,kepihtinkewin
ki-pe.mp3,ERROR: [WinError 2] The system cannot find the file specified,ki-pe
ki.mp3,ERROR: [WinError 2] The system cannot find the file specified,ki
kihci.mp3,ERROR: [WinError 2] The system cannot find the file specified,kihci
kihcēyihta_kakihcēyihta.mp3,ERROR: [WinError 2] The system cannot find the file specified,kihcēyihta kakihcēyihta
kihcē_pēkiskwēwin.mp3,ERROR: [WinError 2] The system cannot find the file specified,kihcē pēkiskwēwin
kihkahtoskōwak.mp3,ERROR: [WinError 2] The system cannot find the file specified,kihkahtoskōwak
kihkahtōwak.mp3,ERROR: [WinError 2] The system cannot find the file specified,kihkahtōwak
kihkām.mp3,ERROR: [WinError 2] The system cannot find the file specified,kihkām
kihkāmin.mp3,ERROR: [WinError 2] The system cannot find the file specified,kihkāmin
kihkāmāw.mp3,ERROR: [WinError 2] The system cannot find the file specified,kihkāmāw
kihkāmēw.mp3,ERROR: [WinError 2] The system cannot find the file specified,kihkāmēw
kihpē.mp3,ERROR: [WinError 2] The system cannot find the file specified,kihpē
kihtimikan.mp3,ERROR: [WinError 2] The system cannot find the file specified,kihtimikan
kihēwak.mp3,ERROR: [WinError 2] The system cannot find the file specified,kihēwak
kikawacin.mp3,ERROR: [WinError 2] The system cannot find the file specified,kikawacin
kimōtiw.mp3,ERROR: [WinError 2] The system cannot find the file specified,kimōtiw
kinosesis.mp3,ERROR: [WinError 2] The system cannot find the file specified,kinosesis
kinosēw.mp3,ERROR: [WinError 2] The system cannot find the file specified,kinosēw
kinosēwak.mp3,ERROR: [WinError 2] The system cannot find the file specified,kinosēwak
kinwēs.mp3,ERROR: [WinError 2] The system cannot find the file specified,kinwēs
kipaha-kitōn.mp3,ERROR: [WinError 2] The system cannot find the file specified,kipaha-kitōn
kipaha.mp3,ERROR: [WinError 2] The system cannot find the file specified,kipaha
kipatahtam.mp3,ERROR: [WinError 2] The system cannot find the file specified,kipatahtam
kipiskam.mp3,ERROR: [WinError 2] The system cannot find the file specified,kipiskam
kipiskaw.mp3,ERROR: [WinError 2] The system cannot find the file specified,kipiskaw
kipē.mp3,ERROR: [WinError 2] The system cannot find the file specified,kipē
kipōyon.mp3,ERROR: [WinError 2] The system cannot find the file specified,kipōyon
kisikwatiw.mp3,ERROR: [WinError 2] The system cannot find the file specified,kisikwatiw
kisin.mp3,ERROR: [WinError 2] The system cannot find the file specified,kisin
kisinpēsim.mp3,ERROR: [WinError 2] The system cannot find the file specified,kisinpēsim
kisiwāsōw.mp3,ERROR: [WinError 2] The system cannot find the file specified,kisiwāsōw
kisiwāsōwin.mp3,ERROR: [WinError 2] The system cannot find the file specified,kisiwāsōwin
kiskinohamakosiw.mp3,ERROR: [WinError 2] The system cannot find the file specified,kiskinohamakosiw
kiskēciwān.mp3,ERROR: [WinError 2] The system cannot find the file specified,kiskēciwān
kiskēsik.mp3,ERROR: [WinError 2] The system cannot find the file specified,kiskēsik
kisāstaw.mp3,ERROR: [WinError 2] The system cannot find the file specified,kisāstaw
kisēpiyākanē.mp3,ERROR: [WinError 2] The system cannot find the file specified,kisēpiyākanē
kisēpēkinīkēwin.mp3,ERROR: [WinError 2] The system cannot find the file specified,kisēpēkinīkēwin
kitahamaw.mp3,ERROR: [WinError 2] The system cannot find the file specified,kitahamaw
kitahamākē.mp3,ERROR: [WinError 2] The system cannot find the file specified,kitahamākē
kitayān.mp3,ERROR: [WinError 2] The system cannot find the file specified,kitayān
kitimākinaw.mp3,ERROR: [WinError 2] The system cannot find the file specified,kitimākinaw
kitimākinākē.mp3,ERROR: [WinError 2] The system cannot find the file specified,kitimākinākē
kitimākēyim.mp3,ERROR: [WinError 2] The system cannot find the file specified,kitimākēyim
kitimākēyimiso.mp3,ERROR: [WinError 2] The system cannot find the file specified,kitimākēyimiso
kitohcikan.mp3,ERROR: [WinError 2] The system cannot find the file specified,kitohcikan
kitā.mp3,ERROR: [WinError 2] The system cannot find the file specified,kitā
kitātsōwin.mp3,ERROR: [WinError 2] The system cannot find the file specified,kitātsōwin
kiyapiko.mp3,ERROR: [WinError 2] The system cannot find the file specified,kiyapiko
kiyām.mp3,ERROR: [WinError 2] The system cannot find the file specified,kiyām
kiyāmāta.mp3,ERROR: [WinError 2] The system cannot find the file specified,kiyāmāta
kohkōsak.mp3,ERROR: [WinError 2] The system cannot find the file specified,kohkōsak
kohtaskway.mp3,ERROR: [WinError 2] The system cannot find the file specified,kohtaskway
kotak.mp3,ERROR: [WinError 2] The system cannot find the file specified,kotak
kotaka.mp3,ERROR: [WinError 2] The system cannot find the file specified,kotaka
kweyask.mp3,ERROR: [WinError 2] The system cannot find the file specified,kweyask
kwāskohti.mp3,ERROR: [WinError 2] The system cannot find the file specified,kwāskohti
kwētāmāwin.mp3,ERROR: [WinError 2] The system cannot find the file specified,kwētāmāwin
kwēyāho.mp3,ERROR: [WinError 2] The system cannot find the file specified,kwēyāho
kācikewin.mp3,ERROR: [WinError 2] The system cannot find the file specified,kācikewin
kācikēwin.mp3,ERROR: [WinError 2] The system cannot find the file specified,kācikēwin
kāhkiyaw.mp3,ERROR: [WinError 2] The system cannot find the file specified,kāhkiyaw
kākwak.mp3,ERROR: [WinError 2] The system cannot find the file specified,kākwak
kākēcihiwēwin.mp3,ERROR: [WinError 2] The system cannot find the file specified,kākēcihiwēwin
kākēcihiwēwina.mp3,ERROR: [WinError 2] The system cannot find the file specified,kākēcihiwēwina
kākēhcisāyāwin.mp3,ERROR: [WinError 2] The system cannot find the file specified,kākēhcisāyāwin
kākēsimōw.mp3,ERROR: [WinError 2] The system cannot find the file specified,kākēsimōw
kāmwātapiwin.mp3,ERROR: [WinError 2] The system cannot find the file specified,kāmwātapiwin
kāmwāteyihtākosiwin.mp3,ERROR: [WinError 2] The system cannot find the file specified,kāmwāteyihtākosiwin
kāmwātisiw.mp3,ERROR: [WinError 2] The system cannot find the file specified,kāmwātisiw
kāmwātisiwin.mp3,ERROR: [WinError 2] The system cannot find the file specified,kāmwātisiwin
kām¯wātan.mp3,ERROR: [WinError 2] The system cannot find the file specified,kām¯wātan
kās.mp3,ERROR: [WinError 2] The system cannot find the file specified,kās
kāsihkwē.mp3,ERROR: [WinError 2] The system cannot find the file specified,kāsihkwē
kāskaha.mp3,ERROR: [WinError 2] The system cannot find the file specified,kāskaha
kāskina.mp3,ERROR: [WinError 2] The system cannot find the file specified,kāskina
kāskipāsōw.mp3,ERROR: [WinError 2] The system cannot find the file specified,kāskipāsōw
kāsēcihcē.mp3,ERROR: [WinError 2] The system cannot find the file specified,kāsēcihcē
kāsēcihcēw.mp3,ERROR: [WinError 2] The system cannot find the file specified,kāsēcihcēw
kāsēha.mp3,ERROR: [WinError 2] The system cannot find the file specified,kāsēha
kāsēhkwankān.mp3,ERROR: [WinError 2] The system cannot find the file specified,kāsēhkwankān
kāsēyākanē.mp3,ERROR: [WinError 2] The system cannot find the file specified,kāsēyākanē
kāsō.mp3,ERROR: [WinError 2] The system cannot find the file specified,kāsō
kāsōw.mp3,ERROR: [WinError 2] The system cannot find the file specified,kāsōw
kātā.mp3,ERROR: [WinError 2] The system cannot find the file specified,kātā
kātāk.mp3,ERROR: [WinError 2] The system cannot find the file specified,kātāk
kāwih.mp3,ERROR: [WinError 2] The system cannot find the file specified,kāwih
kāya.mp3,ERROR: [WinError 2] The system cannot find the file specified,kāya
kāyawiya.mp3,ERROR: [WinError 2] The system cannot find the file specified,kāyawiya
kāyawātisiw.mp3,ERROR: [WinError 2] The system cannot find the file specified,kāyawātisiw
kāyān.mp3,ERROR: [WinError 2] The system cannot find the file specified,kāyān
kāyāwāw.mp3,ERROR: [WinError 2] The system cannot find the file specified,kāyāwāw
kēci.mp3,ERROR: [WinError 2] The system cannot find the file specified,kēci
kēcikon.mp3,ERROR: [WinError 2] The system cannot find the file specified,kēcikon
kēcikona.mp3,ERROR: [WinError 2] The system cannot find the file specified,kēcikona
kēhokēwin.mp3,ERROR: [WinError 2] The system cannot find the file specified,kēhokēwin
kēhsāspinē.mp3,ERROR: [WinError 2] The system cannot find the file specified,kēhsāspinē
kēhsēyihtam.mp3,ERROR: [WinError 2] The system cannot find the file specified,kēhsēyihtam
kēko.mp3,ERROR: [WinError 2] The system cannot find the file specified,kēko
kēkway.mp3,ERROR: [WinError 2] The system cannot find the file specified,kēkway
kēkāc.mp3,ERROR: [WinError 2] The system cannot find the file specified,kēkāc
kēkā_-mitātaht.mp3,ERROR: [WinError 2] The system cannot find the file specified,kēkā -mitātaht
kēmōcinākosiw.mp3,ERROR: [WinError 2] The system cannot find the file specified,kēmōcinākosiw
kēpa.mp3,ERROR: [WinError 2] The system cannot find the file specified,kēpa
kēsastā.mp3,ERROR: [WinError 2] The system cannot find the file specified,kēsastā
kēsi.mp3,ERROR: [WinError 2] The system cannot find the file specified,kēsi
kēsiska.mp3,ERROR: [WinError 2] The system cannot find the file specified,kēsiska
kēskahamā.mp3,ERROR: [WinError 2] The system cannot find the file specified,kēskahamā
kēskasākay.mp3,ERROR: [WinError 2] The system cannot find the file specified,kēskasākay
kēskasākaya.mp3,ERROR: [WinError 2] The system cannot find the file specified,kēskasākaya
kēskicāsis.mp3,ERROR: [WinError 2] The system cannot find the file specified,kēskicāsis
kēskisa.mp3,ERROR: [WinError 2] The system cannot find the file specified,kēskisa
kēso.mp3,ERROR: [WinError 2] The system cannot find the file specified,kēso
kēspin.mp3,ERROR: [WinError 2] The system cannot find the file specified,kēspin
kēspinata.mp3,ERROR: [WinError 2] The system cannot find the file specified,kēspinata
kēstawāw.mp3,ERROR: [WinError 2] The system cannot find the file specified,kēstawāw
kēsāc.mp3,ERROR: [WinError 2] The system cannot find the file specified,kēsāc
kēsōsōwin.mp3,ERROR: [WinError 2] The system cannot find the file specified,kēsōsōwin
kētahtawē.mp3,ERROR: [WinError 2] The system cannot find the file specified,kētahtawē
kētasikanē.mp3,ERROR: [WinError 2] The system cannot find the file specified,kētasikanē
kētaskisinē.mp3,ERROR: [WinError 2] The system cannot find the file specified,kētaskisinē
kētastotinē.mp3,ERROR: [WinError 2] The system cannot find the file specified,kētastotinē
kēwācawasis.mp3,ERROR: [WinError 2] The system cannot find the file specified,kēwācawasis
kēwē.mp3,ERROR: [WinError 2] The system cannot find the file specified,kēwē
kēyanaw.mp3,ERROR: [WinError 2] The system cannot find the file specified,kēyanaw
kēyiwēhk.mp3,ERROR: [WinError 2] The system cannot find the file specified,kēyiwēhk
kēyokē.mp3,ERROR: [WinError 2] The system cannot find the file specified,kēyokē
kīmōwanāpoy.mp3,ERROR: [WinError 2] The system cannot find the file specified,kīmōwanāpoy
kōhkomināw.mp3,ERROR: [WinError 2] The system cannot find the file specified,kōhkomināw
kōna.mp3,ERROR: [WinError 2] The system cannot find the file specified,kōna
kōtakak.mp3,ERROR: [WinError 2] The system cannot find the file specified,kōtakak
maci.mp3,ERROR: [WinError 2] The system cannot find the file specified,maci
macostēha.mp3,ERROR: [WinError 2] The system cannot find the file specified,macostēha
macātisiwin.mp3,ERROR: [WinError 2] The system cannot find the file specified,macātisiwin
macātisēwin.mp3,ERROR: [WinError 2] The system cannot find the file specified,macātisēwin
mahikansak.mp3,ERROR: [WinError 2] The system cannot find the file specified,mahikansak
mahti.mp3,ERROR: [WinError 2] The system cannot find the file specified,mahti
mahtāmin.mp3,ERROR: [WinError 2] The system cannot find the file specified,mahtāmin
mahēhkān.mp3,ERROR: [WinError 2] The system cannot find the file specified,mahēhkān
mamihcim.mp3,ERROR: [WinError 2] The system cannot find the file specified,mamihcim
manicôs.mp3,ERROR: [WinError 2] The system cannot find the file specified,manicôs
manisa.mp3,ERROR: [WinError 2] The system cannot find the file specified,manisa
manitō_kēsikāw.mp3,ERROR: [WinError 2] The system cannot find the file specified,manitō kēsikāw
mansosowin.mp3,ERROR: [WinError 2] The system cannot find the file specified,mansosowin
manācih.mp3,ERROR: [WinError 2] The system cannot find the file specified,manācih
manācihitok.mp3,ERROR: [WinError 2] The system cannot find the file specified,manācihitok
masinaha.mp3,ERROR: [WinError 2] The system cannot find the file specified,masinaha
masinahikē.mp3,ERROR: [WinError 2] The system cannot find the file specified,masinahikē
masinahikēwin.mp3,ERROR: [WinError 2] The system cannot find the file specified,masinahikēwin
masinipayowin.mp3,ERROR: [WinError 2] The system cannot find the file specified,masinipayowin
maskehkēwāpoy.mp3,ERROR: [WinError 2] The system cannot find the file specified,maskehkēwāpoy
maskihkēw'_kamik.mp3,ERROR: [WinError 2] The system cannot find the file specified,maskihkēw' kamik
maskisin.mp3,ERROR: [WinError 2] The system cannot find the file specified,maskisin
maskisina.mp3,ERROR: [WinError 2] The system cannot find the file specified,maskisina
maskosis.mp3,ERROR: [WinError 2] The system cannot find the file specified,maskosis
matwānche.mp3,ERROR: [WinError 2] The system cannot find the file specified,matwānche
matōwehtākosōwin.mp3,ERROR: [WinError 2] The system cannot find the file specified,matōwehtākosōwin
mayahtihkowayan.mp3,ERROR: [WinError 2] The system cannot find the file specified,mayahtihkowayan
mayaw.mp3,ERROR: [WinError 2] The system cannot find the file specified,mayaw
ma_or_mah.mp3,ERROR: [WinError 2] The system cannot find the file specified,ma or mah
mekisihkahcikē.mp3,ERROR: [WinError 2] The system cannot find the file specified,mekisihkahcikē
mescacākansak.mp3,ERROR: [WinError 2] The system cannot find the file specified,mescacākansak
metonē_ka_kāyāwsēwin.mp3,ERROR: [WinError 2] The system cannot find the file specified,metonē ka kāyāwsēwin
mihcētwāw.mp3,ERROR: [WinError 2] The system cannot find the file specified,mihcētwāw
mihkoskātāsk.mp3,ERROR: [WinError 2] The system cannot find the file specified,mihkoskātāsk
mihkwāpoy.mp3,ERROR: [WinError 2] The system cannot find the file specified,mihkwāpoy
mihtih.mp3,ERROR: [WinError 2] The system cannot find the file specified,mihtih
mikisowipēsim.mp3,ERROR: [WinError 2] The system cannot find the file specified,mikisowipēsim
minihkwācikan.mp3,ERROR: [WinError 2] The system cannot find the file specified,minihkwācikan
minihkwē.mp3,ERROR: [WinError 2] The system cannot find the file specified,minihkwē
mināhin.mp3,ERROR: [WinError 2] The system cannot find the file specified,mināhin
minēkwācikana.mp3,ERROR: [WinError 2] The system cannot find the file specified,minēkwācikana
minōsak.mp3,ERROR: [WinError 2] The system cannot find the file specified,minōsak
minōsis.mp3,ERROR: [WinError 2] The system cannot find the file specified,minōsis
misawāc.mp3,ERROR: [WinError 2] The system cannot find the file specified,misawāc
misi.mp3,ERROR: [WinError 2] The system cannot find the file specified,misi
misipisiwak.mp3,ERROR: [WinError 2] The system cannot find the file specified,misipisiwak
misiweyahtik.mp3,ERROR: [WinError 2] The system cannot find the file specified,misiweyahtik
misiwē.mp3,ERROR: [WinError 2] The system cannot find the file specified,misiwē
misiwētē.mp3,ERROR: [WinError 2] The system cannot find the file specified,misiwētē
miskotākaya.mp3,ERROR: [WinError 2] The system cannot find the file specified,miskotākaya
miskwamiy.mp3,ERROR: [WinError 2] The system cannot find the file specified,miskwamiy
miskwāmē.mp3,ERROR: [WinError 2] The system cannot find the file specified,miskwāmē
mistahi.mp3,ERROR: [WinError 2] The system cannot find the file specified,mistahi
mistamēk.mp3,ERROR: [WinError 2] The system cannot find the file specified,mistamēk
mistatim.mp3,ERROR: [WinError 2] The system cannot find the file specified,mistatim
mistatimwak.mp3,ERROR: [WinError 2] The system cannot find the file specified,mistatimwak
mistayāpēw.mp3,ERROR: [WinError 2] The system cannot find the file specified,mistayāpēw
mistik.mp3,ERROR: [WinError 2] The system cannot find the file specified,mistik
mitoni.mp3,ERROR: [WinError 2] The system cannot find the file specified,mitoni
mitâsak.mp3,ERROR: [WinError 2] The system cannot find the file specified,mitâsak
mitās.mp3,ERROR: [WinError 2] The system cannot find the file specified,mitās
mitāsak.mp3,ERROR: [WinError 2] The system cannot find the file specified,mitāsak
mitātaht.mp3,ERROR: [WinError 2] The system cannot find the file specified,mitātaht
moscosisak.mp3,ERROR: [WinError 2] The system cannot find the file specified,moscosisak
mosis.mp3,ERROR: [WinError 2] The system cannot find the file specified,mosis
mostosak.mp3,ERROR: [WinError 2] The system cannot find the file specified,mostosak
moya.mp3,ERROR: [WinError 2] The system cannot find the file specified,moya
mwēstas.mp3,ERROR: [WinError 2] The system cannot find the file specified,mwēstas
māci.mp3,ERROR: [WinError 2] The system cannot find the file specified,māci
mācihtā.mp3,ERROR: [WinError 2] The system cannot find the file specified,mācihtā
mācika.mp3,ERROR: [WinError 2] The system cannot find the file specified,mācika
mācē.mp3,ERROR: [WinError 2] The system cannot find the file specified,mācē
mācēk.mp3,ERROR: [WinError 2] The system cannot find the file specified,mācēk
māh.mp3,ERROR: [WinError 2] The system cannot find the file specified,māh
māka.mp3,ERROR: [WinError 2] The system cannot find the file specified,māka
mākwā.mp3,ERROR: [WinError 2] The system cannot find the file specified,mākwā
māmaskātamowin.mp3,ERROR: [WinError 2] The system cannot find the file specified,māmaskātamowin
māmawi.mp3,ERROR: [WinError 2] The system cannot find the file specified,māmawi
māmihci.mp3,ERROR: [WinError 2] The system cannot find the file specified,māmihci
māmitonēyihta.mp3,ERROR: [WinError 2] The system cannot find the file specified,māmitonēyihta
māmākwahcikē.mp3,ERROR: [WinError 2] The system cannot find the file specified,māmākwahcikē
māmāsēs.mp3,ERROR: [WinError 2] The system cannot find the file specified,māmāsēs
māna.mp3,ERROR: [WinError 2] The system cannot find the file specified,māna
māskisina.mp3,ERROR: [WinError 2] The system cannot find the file specified,māskisina
māskwak.mp3,ERROR: [WinError 2] The system cannot find the file specified,māskwak
māskōch.mp3,ERROR: [WinError 2] The system cannot find the file specified,māskōch
mātoh.mp3,ERROR: [WinError 2] The system cannot find the file specified,mātoh
māyacihkos.mp3,ERROR: [WinError 2] The system cannot find the file specified,māyacihkos
māyatihkwak.mp3,ERROR: [WinError 2] The system cannot find the file specified,māyatihkwak
māyatōtamōwin.mp3,ERROR: [WinError 2] The system cannot find the file specified,māyatōtamōwin
māyi.mp3,ERROR: [WinError 2] The system cannot find the file specified,māyi
māyipayiwin.mp3,ERROR: [WinError 2] The system cannot find the file specified,māyipayiwin
mēci.mp3,ERROR: [WinError 2] The system cannot find the file specified,mēci
mēcimāpoy.mp3,ERROR: [WinError 2] The system cannot find the file specified,mēcimāpoy
mēkwā.mp3,ERROR: [WinError 2] The system cannot find the file specified,mēkwā
mēkwāc.mp3,ERROR: [WinError 2] The system cannot find the file specified,mēkwāc
mēna.mp3,ERROR: [WinError 2] The system cannot find the file specified,mēna
mēnisihkān.mp3,ERROR: [WinError 2] The system cannot find the file specified,mēnisihkān
mētawē.mp3,ERROR: [WinError 2] The system cannot find the file specified,mētawē
mētāwew'_kamik.mp3,ERROR: [WinError 2] The system cannot find the file specified,mētāwew' kamik
mēyokēkway.mp3,ERROR: [WinError 2] The system cannot find the file specified,mēyokēkway
mēyonākosiw.mp3,ERROR: [WinError 2] The system cannot find the file specified,mēyonākosiw
mēyoskamin.mp3,ERROR: [WinError 2] The system cannot find the file specified,mēyoskamin
mēyosēhōwin.mp3,ERROR: [WinError 2] The system cannot find the file specified,mēyosēhōwin
mēyo_ayāwin.mp3,ERROR: [WinError 2] The system cannot find the file specified,mēyo ayāwin
mōniyāskwēw.mp3,ERROR: [WinError 2] The system cannot find the file specified,mōniyāskwēw
mōswa.mp3,ERROR: [WinError 2] The system cannot find the file specified,mōswa
mōw.mp3,ERROR: [WinError 2] The system cannot find the file specified,mōw
na.mp3,ERROR: [WinError 2] The system cannot find the file specified,na
naci.mp3,ERROR: [WinError 2] The system cannot find the file specified,naci
nah.mp3,ERROR: [WinError 2] The system cannot find the file specified,nah
nahew.mp3,ERROR: [WinError 2] The system cannot find the file specified,nahew
nahēyikohk.mp3,ERROR: [WinError 2] The system cannot find the file specified,nahēyikohk
nakē.mp3,ERROR: [WinError 2] The system cannot find the file specified,nakē
namakekway.mp3,ERROR: [WinError 2] The system cannot find the file specified,namakekway
namoya.mp3,ERROR: [WinError 2] The system cannot find the file specified,namoya
namwac.mp3,ERROR: [WinError 2] The system cannot find the file specified,namwac
namēkos.mp3,ERROR: [WinError 2] The system cannot find the file specified,namēkos
namēkōs.mp3,ERROR: [WinError 2] The system cannot find the file specified,namēkōs
nanāskomōw.mp3,ERROR: [WinError 2] The system cannot find the file specified,nanāskomōw
napēch.mp3,ERROR: [WinError 2] The system cannot find the file specified,napēch
naskwahamākē.mp3,ERROR: [WinError 2] The system cannot find the file specified,naskwahamākē
naspāci.mp3,ERROR: [WinError 2] The system cannot find the file specified,naspāci
nawach.mp3,ERROR: [WinError 2] The system cannot find the file specified,nawach
nawach_piko.mp3,ERROR: [WinError 2] The system cannot find the file specified,nawach piko
nayestāw.mp3,ERROR: [WinError 2] The system cannot find the file specified,nayestāw
nayāhta.mp3,ERROR: [WinError 2] The system cannot find the file specified,nayāhta
nehiyawē.mp3,ERROR: [WinError 2] The system cannot find the file specified,nehiyawē
nehtāciwēcowan.mp3,ERROR: [WinError 2] The system cannot find the file specified,nehtāciwēcowan
nepisēyāhtik.mp3,ERROR: [WinError 2] The system cannot find the file specified,nepisēyāhtik
newo_kīsikaw.mp3,ERROR: [WinError 2] The system cannot find the file specified,newo kīsikaw
ni.mp3,ERROR: [WinError 2] The system cannot find the file specified,ni
nihtā.mp3,ERROR: [WinError 2] The system cannot find the file specified,nihtā
nika.mp3,ERROR: [WinError 2] The system cannot find the file specified,nika
nikamōh.mp3,ERROR: [WinError 2] The system cannot find the file specified,nikamōh
nikotwāsi'sāp.mp3,ERROR: [WinError 2] The system cannot find the file specified,nikotwāsi'sāp
nikotwāsik.mp3,ERROR: [WinError 2] The system cannot find the file specified,nikotwāsik
nikotwāsi_kīsikāw.mp3,ERROR: [WinError 2] The system cannot find the file specified,nikotwāsi kīsikāw
nikâwe.mp3,ERROR: [WinError 2] The system cannot find the file specified,nikâwe
nimosôm.mp3,ERROR: [WinError 2] The system cannot find the file specified,nimosôm
nipā.mp3,ERROR: [WinError 2] The system cannot find the file specified,nipā
nipāw’_kamik.mp3,ERROR: [WinError 2] The system cannot find the file specified,nipāw’ kamik
nipē.mp3,ERROR: [WinError 2] The system cannot find the file specified,nipē
nipēwin.mp3,ERROR: [WinError 2] The system cannot find the file specified,nipēwin
nipēwāpoy.mp3,ERROR: [WinError 2] The system cannot find the file specified,nipēwāpoy
nisitohta.mp3,ERROR: [WinError 2] The system cannot find the file specified,nisitohta
niskak.mp3,ERROR: [WinError 2] The system cannot find the file specified,niskak
niskipēsim.mp3,ERROR: [WinError 2] The system cannot find the file specified,niskipēsim
niskā.mp3,ERROR: [WinError 2] The system cannot find the file specified,niskā
nistam.mp3,ERROR: [WinError 2] The system cannot find the file specified,nistam
nisto.mp3,ERROR: [WinError 2] The system cannot find the file specified,nisto
nistosāp.mp3,ERROR: [WinError 2] The system cannot find the file specified,nistosāp
nitaw.mp3,ERROR: [WinError 2] The system cannot find the file specified,nitaw
nitotamāw.mp3,ERROR: [WinError 2] The system cannot find the file specified,nitotamāw
nohkom.mp3,ERROR: [WinError 2] The system cannot find the file specified,nohkom
nohtâwe.mp3,ERROR: [WinError 2] The system cannot find the file specified,nohtâwe
nohtē.mp3,ERROR: [WinError 2] The system cannot find the file specified,nohtē
nomoya_wihkac.mp3,ERROR: [WinError 2] The system cannot find the file specified,nomoya wihkac
notokwēw.mp3,ERROR: [WinError 2] The system cannot find the file specified,notokwēw
nā.mp3,ERROR: [WinError 2] The system cannot find the file specified,nā
nāh.mp3,ERROR: [WinError 2] The system cannot find the file specified,nāh
nānapawishk.mp3,ERROR: [WinError 2] The system cannot find the file specified,nānapawishk
nānapoh.mp3,ERROR: [WinError 2] The system cannot find the file specified,nānapoh
nānapēc.mp3,ERROR: [WinError 2] The system cannot find the file specified,nānapēc
nānitaw.mp3,ERROR: [WinError 2] The system cannot find the file specified,nānitaw
nāta.mp3,ERROR: [WinError 2] The system cannot find the file specified,nāta
nātamaw.mp3,ERROR: [WinError 2] The system cannot find the file specified,nātamaw
nāway.mp3,ERROR: [WinError 2] The system cannot find the file specified,nāway
nēci.mp3,ERROR: [WinError 2] The system cannot find the file specified,nēci
nēhi.mp3,ERROR: [WinError 2] The system cannot find the file specified,nēhi
nēmanēta.mp3,ERROR: [WinError 2] The system cannot find the file specified,nēmanēta
nēmihto.mp3,ERROR: [WinError 2] The system cannot find the file specified,nēmihto
nēmāh.mp3,ERROR: [WinError 2] The system cannot find the file specified,nēmāh
nēpawi.mp3,ERROR: [WinError 2] The system cannot find the file specified,nēpawi
nēpin.mp3,ERROR: [WinError 2] The system cannot find the file specified,nēpin
nēso.mp3,ERROR: [WinError 2] The system cannot find the file specified,nēso
nēsohkamaw.mp3,ERROR: [WinError 2] The system cannot find the file specified,nēsohkamaw
nēsosāp.mp3,ERROR: [WinError 2] The system cannot find the file specified,nēsosāp
nēstwāyāwin.mp3,ERROR: [WinError 2] The system cannot find the file specified,nēstwāyāwin
nēstānaw.mp3,ERROR: [WinError 2] The system cannot find the file specified,nēstānaw
nēstōsēwin.mp3,ERROR: [WinError 2] The system cannot find the file specified,nēstōsēwin
nēta.mp3,ERROR: [WinError 2] The system cannot find the file specified,nēta
nētē.mp3,ERROR: [WinError 2] The system cannot find the file specified,nētē
nēwo.mp3,ERROR: [WinError 2] The system cannot find the file specified,nēwo
nēwosāp.mp3,ERROR: [WinError 2] The system cannot find the file specified,nēwosāp
nēyanan.mp3,ERROR: [WinError 2] The system cannot find the file specified,nēyanan
nēyananosāp.mp3,ERROR: [WinError 2] The system cannot find the file specified,nēyananosāp
nēyānān.mp3,ERROR: [WinError 2] The system cannot find the file specified,nēyānān
nīkāmōwin.mp3,ERROR: [WinError 2] The system cannot find the file specified,nīkāmōwin
nīsto_kīsikaw.mp3,ERROR: [WinError 2] The system cannot find the file specified,nīsto kīsikaw
nīyāno_kīsikāw.mp3,ERROR: [WinError 2] The system cannot find the file specified,nīyāno kīsikāw
nōcikwēsiw.mp3,ERROR: [WinError 2] The system cannot find the file specified,nōcikwēsiw
nōsēmahkēsis.mp3,ERROR: [WinError 2] The system cannot find the file specified,nōsēmahkēsis
nōtinkākān.mp3,ERROR: [WinError 2] The system cannot find the file specified,nōtinkākān
o.mp3,ERROR: [WinError 2] The system cannot find the file specified,o
ohcitaw.mp3,ERROR: [WinError 2] The system cannot find the file specified,ohcitaw
ohphōwipēsim.mp3,ERROR: [WinError 2] The system cannot find the file specified,ohphōwipēsim
ohpikin.mp3,ERROR: [WinError 2] The system cannot find the file specified,ohpikin
ohpikiw.mp3,ERROR: [WinError 2] The system cannot find the file specified,ohpikiw
ohpēw.mp3,ERROR: [WinError 2] The system cannot find the file specified,ohpēw
ohtēsikēwin.mp3,ERROR: [WinError 2] The system cannot find the file specified,ohtēsikēwin
okehkwahakēs.mp3,ERROR: [WinError 2] The system cannot find the file specified,okehkwahakēs
okinēy.mp3,ERROR: [WinError 2] The system cannot find the file specified,okinēy
omātōw.mp3,ERROR: [WinError 2] The system cannot find the file specified,omātōw
onikohtēw.mp3,ERROR: [WinError 2] The system cannot find the file specified,onikohtēw
onōcihitowipēsim.mp3,ERROR: [WinError 2] The system cannot find the file specified,onōcihitowipēsim
opaskawēhopēsim.mp3,ERROR: [WinError 2] The system cannot find the file specified,opaskawēhopēsim
osihtā.mp3,ERROR: [WinError 2] The system cannot find the file specified,osihtā
oski.mp3,ERROR: [WinError 2] The system cannot find the file specified,oski
oskinikiskwew.mp3,ERROR: [WinError 2] The system cannot find the file specified,oskinikiskwew
oskātāsk.mp3,ERROR: [WinError 2] The system cannot find the file specified,oskātāsk
osām.mp3,ERROR: [WinError 2] The system cannot find the file specified,osām
osāw'pihēsēs.mp3,ERROR: [WinError 2] The system cannot find the file specified,osāw'pihēsēs
osāwās.mp3,ERROR: [WinError 2] The system cannot find the file specified,osāwās
otahōwēw.mp3,ERROR: [WinError 2] The system cannot find the file specified,otahōwēw
otatoskēw.mp3,ERROR: [WinError 2] The system cannot find the file specified,otatoskēw
otēhimin.mp3,ERROR: [WinError 2] The system cannot find the file specified,otēhimin
otēhipak.mp3,ERROR: [WinError 2] The system cannot find the file specified,otēhipak
owāstāhikēw.mp3,ERROR: [WinError 2] The system cannot find the file specified,owāstāhikēw
oyēh.mp3,ERROR: [WinError 2] The system cannot find the file specified,oyēh
pa-pamōhtēw.mp3,ERROR: [WinError 2] The system cannot find the file specified,pa-pamōhtēw
pa.mp3,ERROR: [WinError 2] The system cannot find the file specified,pa
pahkopē.mp3,ERROR: [WinError 2] The system cannot find the file specified,pahkopē
pahkopēk.mp3,ERROR: [WinError 2] The system cannot find the file specified,pahkopēk
pahkopēwin.mp3,ERROR: [WinError 2] The system cannot find the file specified,pahkopēwin
pahkwēsikan.mp3,ERROR: [WinError 2] The system cannot find the file specified,pahkwēsikan
pahkēkinosākay.mp3,ERROR: [WinError 2] The system cannot find the file specified,pahkēkinosākay
pahpi.mp3,ERROR: [WinError 2] The system cannot find the file specified,pahpi
pahpiskich.mp3,ERROR: [WinError 2] The system cannot find the file specified,pahpiskich
pahpāhsces.mp3,ERROR: [WinError 2] The system cannot find the file specified,pahpāhsces
pahpētos.mp3,ERROR: [WinError 2] The system cannot find the file specified,pahpētos
pakowayān.mp3,ERROR: [WinError 2] The system cannot find the file specified,pakowayān
pakwahtēhon.mp3,ERROR: [WinError 2] The system cannot find the file specified,pakwahtēhon
pakwahtēhona.mp3,ERROR: [WinError 2] The system cannot find the file specified,pakwahtēhona
pamihcikē.mp3,ERROR: [WinError 2] The system cannot find the file specified,pamihcikē
pamēpicēwin.mp3,ERROR: [WinError 2] The system cannot find the file specified,pamēpicēwin
papāmih_or_papami.mp3,ERROR: [WinError 2] The system cannot find the file specified,papāmih or papami
pekiskwās.mp3,ERROR: [WinError 2] The system cannot find the file specified,pekiskwās
peyakwayih.mp3,ERROR: [WinError 2] The system cannot find the file specified,peyakwayih
picih.mp3,ERROR: [WinError 2] The system cannot find the file specified,picih
picēkwās.mp3,ERROR: [WinError 2] The system cannot find the file specified,picēkwās
pihkahcēwāpōs.mp3,ERROR: [WinError 2] The system cannot find the file specified,pihkahcēwāpōs
pihtaw.mp3,ERROR: [WinError 2] The system cannot find the file specified,pihtaw
pihtawētāsān.mp3,ERROR: [WinError 2] The system cannot find the file specified,pihtawētāsān
pihtikwē.mp3,ERROR: [WinError 2] The system cannot find the file specified,pihtikwē
pihtwā.mp3,ERROR: [WinError 2] The system cannot find the file specified,pihtwā
pihēsēsak.mp3,ERROR: [WinError 2] The system cannot find the file specified,pihēsēsak
pikwēta.mp3,ERROR: [WinError 2] The system cannot find the file specified,pikwēta
pikwētē.mp3,ERROR: [WinError 2] The system cannot find the file specified,pikwētē
pimich.mp3,ERROR: [WinError 2] The system cannot find the file specified,pimich
piminawasow'_kamik.mp3,ERROR: [WinError 2] The system cannot find the file specified,piminawasow' kamik
pimipahtā.mp3,ERROR: [WinError 2] The system cannot find the file specified,pimipahtā
pimātisi.mp3,ERROR: [WinError 2] The system cannot find the file specified,pimātisi
pimēy_atāwēw'_kamik.mp3,ERROR: [WinError 2] The system cannot find the file specified,pimēy atāwēw' kamik
pipon'_asākay.mp3,ERROR: [WinError 2] The system cannot find the file specified,pipon' asākay
pipon.mp3,ERROR: [WinError 2] The system cannot find the file specified,pipon
piponasksisina.mp3,ERROR: [WinError 2] The system cannot find the file specified,piponasksisina
piponasākay.mp3,ERROR: [WinError 2] The system cannot find the file specified,piponasākay
piponasākaya.mp3,ERROR: [WinError 2] The system cannot find the file specified,piponasākaya
pisastēhikan.mp3,ERROR: [WinError 2] The system cannot find the file specified,pisastēhikan
pisisak.mp3,ERROR: [WinError 2] The system cannot find the file specified,pisisak
piweyihtamowin.mp3,ERROR: [WinError 2] The system cannot find the file specified,piweyihtamowin
poko.mp3,ERROR: [WinError 2] The system cannot find the file specified,poko
poko_or_piko.mp3,ERROR: [WinError 2] The system cannot find the file specified,poko or piko
ponihtā.mp3,ERROR: [WinError 2] The system cannot find the file specified,ponihtā
pwākomowin.mp3,ERROR: [WinError 2] The system cannot find the file specified,pwākomowin
pāhkwayākan.mp3,ERROR: [WinError 2] The system cannot find the file specified,pāhkwayākan
pākahkām.mp3,ERROR: [WinError 2] The system cannot find the file specified,pākahkām
pāschi.mp3,ERROR: [WinError 2] The system cannot find the file specified,pāschi
pāsci.mp3,ERROR: [WinError 2] The system cannot find the file specified,pāsci
pāstēwahtik.mp3,ERROR: [WinError 2] The system cannot find the file specified,pāstēwahtik
pē.mp3,ERROR: [WinError 2] The system cannot find the file specified,pē
pēh.mp3,ERROR: [WinError 2] The system cannot find the file specified,pēh
pēhcōnēs.mp3,ERROR: [WinError 2] The system cannot find the file specified,pēhcōnēs
pēhoh.mp3,ERROR: [WinError 2] The system cannot find the file specified,pēhoh
pēhok.mp3,ERROR: [WinError 2] The system cannot find the file specified,pēhok
pēhowin.mp3,ERROR: [WinError 2] The system cannot find the file specified,pēhowin
pēhta.mp3,ERROR: [WinError 2] The system cannot find the file specified,pēhta
pēhtākōsiwin.mp3,ERROR: [WinError 2] The system cannot find the file specified,pēhtākōsiwin
pēkiskwewina.mp3,ERROR: [WinError 2] The system cannot find the file specified,pēkiskwewina
pēsimohkān.mp3,ERROR: [WinError 2] The system cannot find the file specified,pēsimohkān
pēsimohkānis.mp3,ERROR: [WinError 2] The system cannot find the file specified,pēsimohkānis
pēsiw.mp3,ERROR: [WinError 2] The system cannot find the file specified,pēsiw
pēyak.mp3,ERROR: [WinError 2] The system cannot find the file specified,pēyak
pēyakosāp.mp3,ERROR: [WinError 2] The system cannot find the file specified,pēyakosāp
pēyakwayak.mp3,ERROR: [WinError 2] The system cannot find the file specified,pēyakwayak
pēyakwāw.mp3,ERROR: [WinError 2] The system cannot find the file specified,pēyakwāw
pōna.mp3,ERROR: [WinError 2] The system cannot find the file specified,pōna
pōni.mp3,ERROR: [WinError 2] The system cannot find the file specified,pōni
pōnih.mp3,ERROR: [WinError 2] The system cannot find the file specified,pōnih
pōnāyamihēw_kēsikāw.mp3,ERROR: [WinError 2] The system cannot find the file specified,pōnāyamihēw kēsikāw
pōnēyim.mp3,ERROR: [WinError 2] The system cannot find the file specified,pōnēyim
pōsihtā.mp3,ERROR: [WinError 2] The system cannot find the file specified,pōsihtā
pōsik.mp3,ERROR: [WinError 2] The system cannot find the file specified,pōsik
pōtōma.mp3,ERROR: [WinError 2] The system cannot find the file specified,pōtōma
sakāw.mp3,ERROR: [WinError 2] The system cannot find the file specified,sakāw
sakāwēyiniw.mp3,ERROR: [WinError 2] The system cannot find the file specified,sakāwēyiniw
sapopēwin.mp3,ERROR: [WinError 2] The system cannot find the file specified,sapopēwin
simākanisēw'_kamik.mp3,ERROR: [WinError 2] The system cannot find the file specified,simākanisēw' kamik
sipwehtē.mp3,ERROR: [WinError 2] The system cannot find the file specified,sipwehtē
sohkakihtēw.mp3,ERROR: [WinError 2] The system cannot find the file specified,sohkakihtēw
soniskwatahikēwkamik.mp3,ERROR: [WinError 2] The system cannot find the file specified,soniskwatahikēwkamik
sākahikan.mp3,ERROR: [WinError 2] The system cannot find the file specified,sākahikan
sākih.mp3,ERROR: [WinError 2] The system cannot find the file specified,sākih
sākēwēw.mp3,ERROR: [WinError 2] The system cannot find the file specified,sākēwēw
sāsākowāpiskos.mp3,ERROR: [WinError 2] The system cannot find the file specified,sāsākowāpiskos
sēhkos.mp3,ERROR: [WinError 2] The system cannot find the file specified,sēhkos
sēkahikākan.mp3,ERROR: [WinError 2] The system cannot find the file specified,sēkahikākan
sēkahikākana.mp3,ERROR: [WinError 2] The system cannot find the file specified,sēkahikākana
sēkipatwā.mp3,ERROR: [WinError 2] The system cannot find the file specified,sēkipatwā
sēmāk.mp3,ERROR: [WinError 2] The system cannot find the file specified,sēmāk
sēnikēwin.mp3,ERROR: [WinError 2] The system cannot find the file specified,sēnikēwin
sēstakwaya.mp3,ERROR: [WinError 2] The system cannot find the file specified,sēstakwaya
sēsēp.mp3,ERROR: [WinError 2] The system cannot find the file specified,sēsēp
sēsēpak.mp3,ERROR: [WinError 2] The system cannot find the file specified,sēsēpak
sēsēpaskihk.mp3,ERROR: [WinError 2] The system cannot find the file specified,sēsēpaskihk
sēsēpisisak.mp3,ERROR: [WinError 2] The system cannot find the file specified,sēsēpisisak
sēwihtākan.mp3,ERROR: [WinError 2] The system cannot find the file specified,sēwihtākan
sēwāpoy.mp3,ERROR: [WinError 2] The system cannot find the file specified,sēwāpoy
sōhktisiwin.mp3,ERROR: [WinError 2] The system cannot find the file specified,sōhktisiwin
sōminahtik.mp3,ERROR: [WinError 2] The system cannot find the file specified,sōminahtik
sōminapoy.mp3,ERROR: [WinError 2] The system cannot find the file specified,sōminapoy
sōniskwātahikēw'_kamik.mp3,ERROR: [WinError 2] The system cannot find the file specified,sōniskwātahikēw' kamik
sōskwāch.mp3,ERROR: [WinError 2] The system cannot find the file specified,sōskwāch
ta.mp3,ERROR: [WinError 2] The system cannot find the file specified,ta
tah.mp3,ERROR: [WinError 2] The system cannot find the file specified,tah
tahkascikan.mp3,ERROR: [WinError 2] The system cannot find the file specified,tahkascikan
tahkascēkana.mp3,ERROR: [WinError 2] The system cannot find the file specified,tahkascēkana
tahto.mp3,ERROR: [WinError 2] The system cannot find the file specified,tahto
tahtokēsikāw.mp3,ERROR: [WinError 2] The system cannot find the file specified,tahtokēsikāw
tahtotipiskāw.mp3,ERROR: [WinError 2] The system cannot find the file specified,tahtotipiskāw
tahtwayisiyniw.mp3,ERROR: [WinError 2] The system cannot find the file specified,tahtwayisiyniw
tahtwāw.mp3,ERROR: [WinError 2] The system cannot find the file specified,tahtwāw
tahtwāwiyak.mp3,ERROR: [WinError 2] The system cannot find the file specified,tahtwāwiyak
tako.mp3,ERROR: [WinError 2] The system cannot find the file specified,tako
takwahhiminā.mp3,ERROR: [WinError 2] The system cannot find the file specified,takwahhiminā
takwamohcikan.mp3,ERROR: [WinError 2] The system cannot find the file specified,takwamohcikan
takwākin.mp3,ERROR: [WinError 2] The system cannot find the file specified,takwākin
tanehki.mp3,ERROR: [WinError 2] The system cannot find the file specified,tanehki
tanihi.mp3,ERROR: [WinError 2] The system cannot find the file specified,tanihi
taspwāw.mp3,ERROR: [WinError 2] The system cannot find the file specified,taspwāw
tehtapiw'_askisina.mp3,ERROR: [WinError 2] The system cannot find the file specified,tehtapiw' askisina
tihtipahpinewin.mp3,ERROR: [WinError 2] The system cannot find the file specified,tihtipahpinewin
tipiskāki.mp3,ERROR: [WinError 2] The system cannot find the file specified,tipiskāki
tipāpiskōcikan.mp3,ERROR: [WinError 2] The system cannot find the file specified,tipāpiskōcikan
tohtōsāpoy.mp3,ERROR: [WinError 2] The system cannot find the file specified,tohtōsāpoy
tāhkāmāpoy.mp3,ERROR: [WinError 2] The system cannot find the file specified,tāhkāmāpoy
tāhkōhch.mp3,ERROR: [WinError 2] The system cannot find the file specified,tāhkōhch
tāna.mp3,ERROR: [WinError 2] The system cannot find the file specified,tāna
tānanima.mp3,ERROR: [WinError 2] The system cannot find the file specified,tānanima
tānihi.mp3,ERROR: [WinError 2] The system cannot find the file specified,tānihi
tānimayikohk.mp3,ERROR: [WinError 2] The system cannot find the file specified,tānimayikohk
tānisi.mp3,ERROR: [WinError 2] The system cannot find the file specified,tānisi
tānispēhk.mp3,ERROR: [WinError 2] The system cannot find the file specified,tānispēhk
tānisēkwa.mp3,ERROR: [WinError 2] The system cannot find the file specified,tānisēkwa
tānita.mp3,ERROR: [WinError 2] The system cannot find the file specified,tānita
tānitahto.mp3,ERROR: [WinError 2] The system cannot find the file specified,tānitahto
tānitahtwāw.mp3,ERROR: [WinError 2] The system cannot find the file specified,tānitahtwāw
tānitē.mp3,ERROR: [WinError 2] The system cannot find the file specified,tānitē
tāniwehkāk.mp3,ERROR: [WinError 2] The system cannot find the file specified,tāniwehkāk
tāniwā.mp3,ERROR: [WinError 2] The system cannot find the file specified,tāniwā
tāniwē.mp3,ERROR: [WinError 2] The system cannot find the file specified,tāniwē
tāniwēhā.mp3,ERROR: [WinError 2] The system cannot find the file specified,tāniwēhā
tānsāwa.mp3,ERROR: [WinError 2] The system cannot find the file specified,tānsāwa
tānsēsa.mp3,ERROR: [WinError 2] The system cannot find the file specified,tānsēsa
tānēhkanima.mp3,ERROR: [WinError 2] The system cannot find the file specified,tānēhkanima
tāpiskōch.mp3,ERROR: [WinError 2] The system cannot find the file specified,tāpiskōch
tēpakohpwāw.mp3,ERROR: [WinError 2] The system cannot find the file specified,tēpakohpwāw
tēpakohpōsāp.mp3,ERROR: [WinError 2] The system cannot find the file specified,tēpakohpōsāp
tēpakōhp.mp3,ERROR: [WinError 2] The system cannot find the file specified,tēpakōhp
wa.mp3,ERROR: [WinError 2] The system cannot find the file specified,wa
wapiskatim.mp3,ERROR: [WinError 2] The system cannot find the file specified,wapiskatim
wawiyas.mp3,ERROR: [WinError 2] The system cannot find the file specified,wawiyas
wawēsēw.mp3,ERROR: [WinError 2] The system cannot find the file specified,wawēsēw
wawēyēw.mp3,ERROR: [WinError 2] The system cannot find the file specified,wawēyēw
wayawēw'_tēhtapowin.mp3,ERROR: [WinError 2] The system cannot find the file specified,wayawēw' tēhtapowin
wayāwēw'_kamik.mp3,ERROR: [WinError 2] The system cannot find the file specified,wayāwēw' kamik
wihcēkaskosēy.mp3,ERROR: [WinError 2] The system cannot find the file specified,wihcēkaskosēy
wihkāch.mp3,ERROR: [WinError 2] The system cannot find the file specified,wihkāch
wihpēm.mp3,ERROR: [WinError 2] The system cannot find the file specified,wihpēm
wihtaskāta.mp3,ERROR: [WinError 2] The system cannot find the file specified,wihtaskāta
wihtāmaw.mp3,ERROR: [WinError 2] The system cannot find the file specified,wihtāmaw
wiyawāw.mp3,ERROR: [WinError 2] The system cannot find the file specified,wiyawāw
wiya_or.mp3,ERROR: [WinError 2] The system cannot find the file specified,wiya or
wiysta.mp3,ERROR: [WinError 2] The system cannot find the file specified,wiysta
wāhiyāw.mp3,ERROR: [WinError 2] The system cannot find the file specified,wāhiyāw
wāpim.mp3,ERROR: [WinError 2] The system cannot find the file specified,wāpim
wāpiskipahkēkin.mp3,ERROR: [WinError 2] The system cannot find the file specified,wāpiskipahkēkin
wāpiwin.mp3,ERROR: [WinError 2] The system cannot find the file specified,wāpiwin
wāposak.mp3,ERROR: [WinError 2] The system cannot find the file specified,wāposak
wāsakām.mp3,ERROR: [WinError 2] The system cannot find the file specified,wāsakām
wāsaskotēnikan.mp3,ERROR: [WinError 2] The system cannot find the file specified,wāsaskotēnikan
wāskesiwak.mp3,ERROR: [WinError 2] The system cannot find the file specified,wāskesiwak
wāskēsōw.mp3,ERROR: [WinError 2] The system cannot find the file specified,wāskēsōw
wāstāhikēwin.mp3,ERROR: [WinError 2] The system cannot find the file specified,wāstāhikēwin
wāwi.mp3,ERROR: [WinError 2] The system cannot find the file specified,wāwi
wāwiyak.mp3,ERROR: [WinError 2] The system cannot find the file specified,wāwiyak
wāwēs.mp3,ERROR: [WinError 2] The system cannot find the file specified,wāwēs
wāyipēyāw.mp3,ERROR: [WinError 2] The system cannot find the file specified,wāyipēyāw
wēkihtōwin.mp3,ERROR: [WinError 2] The system cannot find the file specified,wēkihtōwin
wēkinikan.mp3,ERROR: [WinError 2] The system cannot find the file specified,wēkinikan
wēkiw.mp3,ERROR: [WinError 2] The system cannot find the file specified,wēkiw
wēpayōwēwin.mp3,ERROR: [WinError 2] The system cannot find the file specified,wēpayōwēwin
wēpin.mp3,ERROR: [WinError 2] The system cannot find the file specified,wēpin
wēpina.mp3,ERROR: [WinError 2] The system cannot find the file specified,wēpina
wēsakacihp.mp3,ERROR: [WinError 2] The system cannot find the file specified,wēsakacihp
wēskacān.mp3,ERROR: [WinError 2] The system cannot find the file specified,wēskacān
wēyas.mp3,ERROR: [WinError 2] The system cannot find the file specified,wēyas
wēyatwēwin.mp3,ERROR: [WinError 2] The system cannot find the file specified,wēyatwēwin
wēyākan.mp3,ERROR: [WinError 2] The system cannot find the file specified,wēyākan
wēyākanēw-kisēpēkinikan.mp3,ERROR: [WinError 2] The system cannot find the file specified,wēyākanēw-kisēpēkinikan
ya.mp3,ERROR: [WinError 2] The system cannot find the file specified,ya
yah.mp3,ERROR: [WinError 2] The system cannot find the file specified,yah
yōtin.mp3,ERROR: [WinError 2] The system cannot find the file specified,yōtin
ācahkōs.mp3,ERROR: [WinError 2] The system cannot find the file specified,ācahkōs
āchimok.mp3,ERROR: [WinError 2] The system cannot find the file specified,āchimok
āchimow.mp3,ERROR: [WinError 2] The system cannot find the file specified,āchimow
ācosisāk.mp3,ERROR: [WinError 2] The system cannot find the file specified,ācosisāk
āh.mp3,ERROR: [WinError 2] The system cannot find the file specified,āh
āhkosēw'_kāmik.mp3,ERROR: [WinError 2] The system cannot find the file specified,āhkosēw' kāmik
āhāsiw.mp3,ERROR: [WinError 2] The system cannot find the file specified,āhāsiw
āhāsiwak.mp3,ERROR: [WinError 2] The system cannot find the file specified,āhāsiwak
ākosimowin.mp3,ERROR: [WinError 2] The system cannot find the file specified,ākosimowin
ākwâha.mp3,ERROR: [WinError 2] The system cannot find the file specified,ākwâha
ākwāskaw.mp3,ERROR: [WinError 2] The system cannot find the file specified,ākwāskaw
āmachōwē.mp3,ERROR: [WinError 2] The system cannot find the file specified,āmachōwē
āmiskōs.mp3,ERROR: [WinError 2] The system cannot find the file specified,āmiskōs
ānwehtaw.mp3,ERROR: [WinError 2] The system cannot find the file specified,ānwehtaw
ānwihtawēw.mp3,ERROR: [WinError 2] The system cannot find the file specified,ānwihtawēw
āpahah.mp3,ERROR: [WinError 2] The system cannot find the file specified,āpahah
āpihkona.mp3,ERROR: [WinError 2] The system cannot find the file specified,āpihkona
āpihtā.mp3,ERROR: [WinError 2] The system cannot find the file specified,āpihtā
āpisimōsak.mp3,ERROR: [WinError 2] The system cannot find the file specified,āpisimōsak
āpēhoh.mp3,ERROR: [WinError 2] The system cannot find the file specified,āpēhoh
āpēwina.mp3,ERROR: [WinError 2] The system cannot find the file specified,āpēwina
āsastā.mp3,ERROR: [WinError 2] The system cannot find the file specified,āsastā
āsay.mp3,ERROR: [WinError 2] The system cannot find the file specified,āsay
āskiya.mp3,ERROR: [WinError 2] The system cannot find the file specified,āskiya
āsotamōwin.mp3,ERROR: [WinError 2] The system cannot find the file specified,āsotamōwin
āstam.mp3,ERROR: [WinError 2] The system cannot find the file specified,āstam
āstisak.mp3,ERROR: [WinError 2] The system cannot find the file specified,āstisak
āstotin.mp3,ERROR: [WinError 2] The system cannot find the file specified,āstotin
āta.mp3,ERROR: [WinError 2] The system cannot find the file specified,āta
ātawiya.mp3,ERROR: [WinError 2] The system cannot find the file specified,ātawiya
ātayohkaw.mp3,ERROR: [WinError 2] The system cannot find the file specified,ātayohkaw
ātiht.mp3,ERROR: [WinError 2] The system cannot find the file specified,ātiht
ātimapi.mp3,ERROR: [WinError 2] The system cannot find the file specified,ātimapi
ātimwak.mp3,ERROR: [WinError 2] The system cannot find the file specified,ātimwak
ātos.mp3,ERROR: [WinError 2] The system cannot find the file specified,ātos
āwasōwin.mp3,ERROR: [WinError 2] The system cannot find the file specified,āwasōwin
āyētaw.mp3,ERROR: [WinError 2] The system cannot find the file specified,āyētaw
ēci.mp3,ERROR: [WinError 2] The system cannot find the file specified,ēci
ēkatē.mp3,ERROR: [WinError 2] The system cannot find the file specified,ēkatē
ēkihceyihta.mp3,ERROR: [WinError 2] The system cannot find the file specified,ēkihceyihta
ēki_eki.mp3,ERROR: [WinError 2] The system cannot find the file specified,ēki eki
ēkonik.mp3,ERROR: [WinError 2] The system cannot find the file specified,ēkonik
ēkotōwa.mp3,ERROR: [WinError 2] The system cannot find the file specified,ēkotōwa
ēkwa.mp3,ERROR: [WinError 2] The system cannot find the file specified,ēkwa
ēkwah.mp3,ERROR: [WinError 2] The system cannot find the file specified,ēkwah
ēkwayāc.mp3,ERROR: [WinError 2] The system cannot find the file specified,ēkwayāc
ēkwāna.mp3,ERROR: [WinError 2] The system cannot find the file specified,ēkwāna
ēkwānima.mp3,ERROR: [WinError 2] The system cannot find the file specified,ēkwānima
ēmihkwānis.mp3,ERROR: [WinError 2] The system cannot find the file specified,ēmihkwānis
ēmihkwānisak.mp3,ERROR: [WinError 2] The system cannot find the file specified,ēmihkwānisak
ēsa.mp3,ERROR: [WinError 2] The system cannot find the file specified,ēsa
ēsi.mp3,ERROR: [WinError 2] The system cannot find the file specified,ēsi
ēsko.mp3,ERROR: [WinError 2] The system cannot find the file specified,ēsko
ētamahcihow.mp3,ERROR: [WinError 2] The system cannot find the file specified,ētamahcihow
ētikwē.mp3,ERROR: [WinError 2] The system cannot find the file specified,ētikwē
ētōta.mp3,ERROR: [WinError 2] The system cannot find the file specified,ētōta
ēwako_āwa.mp3,ERROR: [WinError 2] The system cannot find the file specified,ēwako āwa
ēwē_or_ēwēh.mp3,ERROR: [WinError 2] The system cannot find the file specified,ēwē or ēwēh
ēyiwēhk.mp3,ERROR: [WinError 2] The system cannot find the file specified,ēyiwēhk
ōhi.mp3,ERROR: [WinError 2] The system cannot find the file specified,ōhi
ōhtēwāpoy.mp3,ERROR: [WinError 2] The system cannot find the file specified,ōhtēwāpoy
ōhōwak.mp3,ERROR: [WinError 2] The system cannot find the file specified,ōhōwak
ōki.mp3,ERROR: [WinError 2] The system cannot find the file specified,ōki
ōma.mp3,ERROR: [WinError 2] The system cannot find the file specified,ōma
ōskēsēhōwin.mp3,ERROR: [WinError 2] The system cannot find the file specified,ōskēsēhōwin
ōta.mp3,ERROR: [WinError 2] The system cannot find the file specified,ōta
ōtāpihkēw.mp3,ERROR: [WinError 2] The system cannot find the file specified,ōtāpihkēw
ōtē.mp3,ERROR: [WinError 2] The system cannot find the file specified,ōtē
ōyēh.mp3,ERROR: [WinError 2] The system cannot find the file specified,ōyēh
